CLIENTE_CODIGO_VENTA;CLIENTE_DESCRIPCION_VENTA
101010101;ORG COURIER ARG
900000999;OCASA RED
900000999;OCASA RED
900000999;OCASA RED
900000999;OCASA RED
900000999;OCASA RED
900000999;OCASA RED
900000999;OCASA RED
900000999;OCASA RED
102000316;BANCO DE SAN JUAN S.A.
102000317;BANCO MACRO S.A.
102000322;BANCO CHUBUT
102000326;QBE SEGUROS LA BUENOS AIRES S.A.
102000333;BANCO DE SANTA CRUZ S.A.
102000346;INGENIO Y REFINERÍA SAN MARTÍN
102000363;MSD ARGENTINA S.R.L
102000393;NOVARTIS ARGENTINA S.A.
102000409;TRANSFARMACO S.A.
102000421;A.C.A.R.A. ASOC CONC DE AUTOM
102000431;BANCO ROELA
102000438;BRISTOL MYERS SQUIBB ARG S.R.L.
102000469;UNIVERSIDAD NACIONAL DE CÓRDOBA
102000553;ELI LILLY INTERAMERIC INC.SUC.
102000579;EDENRED ARGENTINA S.A.
102000766;TELECOM PERSONAL S.A.
102000771;TELEFONICA MOVILES ARGENTINA SA
102000733;ADMINISTRACION NACIONAL DE LABORATO
102000766;TELECOM PERSONAL S.A.
102002456;GOBIERNO DE LA CIUDAD DE BUENOS AIR
102000820;RED DIALMED S.A.
102000857;NUEVO BANCO DE SANTA FE S.A.
102001049;DROGUERIA MAFE SRL 
102001100;PHARMACEUTICAL RESEARCH ASSOCIATES
102001133;ALDEBARÁN S.R.L.
102001139;SYNEOS HEALTH ARGENTINA S.A.
102001173;TAEDA SA
102001196;BANCO DE LA PCIA DE CÓRDOBA
102002370;S.A.F.M. FINANZAS  Y O.P. - SALTA
102001242;TRANS BAN S.A.
102001254;SPP SERVICIO PUERTA A PUERTA S.A.
102001258;LABORATORIO HIDALGO S.A.
102001306;ALOT S.A.
102001325;NUEVO BANCO DE ENTRE RÍOS S.A.
102001397;HSBC BANK ARGENTINA S.A.
102001468;SDI-SERVICIOS DEL INTERIOR S.A.
102001476;GRIFOLS ARGENTINA S.A .
102001483;BANCO DE FORMOSA S.A.
102001543;GRUPO MSA S.A.
102001560;AUTOMOVIL CLUB ARGENTINO
102001586;BCO.MACRO S.A.-SIEMENS IT SOLUTIONS
102001594;DISPROFARMA S.A.
102001606;LATIN AMERICAN POSTAL S.A.
102001627;PUNTOS Y PREMIOS S. A.
102001674;ARCOR SAIC
102001674;ARCOR SAIC
102001696;IBM ARGENTINA S.R.L.
102001710;MIN.COORD.DE GAB.CHUBUT
102001710;MIN.COORD.DE GAB.CHUBUT
102001770;MINISTERIO DE SALUD DE LA PROV DE J
102001780;URBANO EXPRESS ARGENTINA S.A.
102001868;BIOMERIEUX ARGENTINA S.A.
102002370;S.A.F.M. FINANZAS  Y O.P. - SALTA
102002417;DIRECCION GRAL DE TESORERIA Y CREDI
102002456;GOBIERNO DE LA CIUDAD DE BUENOS AIR
102002470;PIEDRA, PAPEL Y TIJERA SA
102002496;PENTACOM S.A.
102002506;CONV. MARCO DE COOP. TEC. Y FINANCI
102002507;TÉCNICA Y SISTEMAS SRL
102002509;AUTOBANK S.A.
102002520;COMPAÑIA SALTEÑA DE AGUA Y SANEAM.
102002525;IDENTIMAX  S.A.
102002627;ETERCOR S. A.
102002641;TUTEUR SACIFIA
102002670;DROGUERIA Y DISTRIBUIDORA DEL VALLE SC
102002737;ACCICOM S.A.
102002738;GE HEALTHCARE ARGENTINA S.A.
102002776;SOLNIK S.A.
102002780;BOLDT GAMING SA
102002806;GAX S.A.
102002817;CACERES RAFAEL
102002831;FUNDACION SI ARGENTINA 
102002840;EL RECORRIDO S.A.
102002842;BANCO DE LA CIUDAD DE BUENOS AIRES
102002847;DROGUERIA DEL SUD S.A.
102002870;FUNDACIÓN ENHUE PARA LA AYUDA DE PACIENTES CON ENFERMEDADES HUERFANAS
102002875;BBVA BANCO FRANCES S.A.
102002900;DEHNER SRL
102002905;ANAVI S.A.
102002911;LAVIMAR S.A.
102002920;LABORATORIOS PHOENIX SAIC 
102002925;BAZAR AVENIDA S.A.
102002930;EXPERTA ART SA
102002941;TOPPER ARGENTINA S.A.
102002955;MANASSERO JOSE MARIA
102002961;DROGUERIA BETAPHARMA S.A.
102002966;PELOSO MARCELA LEA
102002980;GIRE S.A.
102002981;BANCO DE SERVICIOS FINANCIEROS S.A.
102002986;SOUTHGENETICS S.R.L.
102003016;NUEVA ERA ROSARIO S.R.L
102003031;ERREPAR S.A.
102003080;COMPAÑIA FARMACEUTICA S R L
102003095;BRANDLIVE S.A.
102003111;DHL GLOBAL FORWARDING (ARGENTINA) SA
102003190;PICK IT ARGENTINA
102003197;CARGILL S.A.C.I.
102003198;GEODIS WILSON ARGENTINA SA
102003210;BIOMAKERS SA
102003212;MARKEN TIME CRITICAL EXPRESS S.A.
102003246;ABC S.A.
102003270;EMPRENDIMIENTOS SATELITALES SA
102003271;ELIT SA
102003275;MINISTERIO DE DESARROLLO SOCIAL,EMPLEO, CIENCIA Y TECNOLOGIA
102003283;MEDITAR S.A.
102003309;CARTOCOR SOCIEDAD ANONIMA
102003350;SERVICIO ELECTRONICO DE PAGO SA
102003417;HOLCIM (ARGENTINA)
102003450;PUMA SPORTS ARGENTINA SA
102003470;BRIGHTSTAR ARGENTINA S.A.
102003474;IMPLANTES QUIRURGICOS S.A.
102003475;DHL SUPPLY CHAIN (ARGENTINA) S.A.
102003486;ADEA ADMINISTRADORA DE ARCHIVOS S A
102003501;MERCADO CREDITOS SRL
102003502;OCASA DISTRIBUCION POSTAL
102003545;ENVIOPACK S.A.
102003596;PTC THERAPEUTICS S.A.
102003660;DIREXA S.A.
102003670;BANCO PROVINCIA DEL NEUQUEN S.A.
102003675;FUNDACION CIENCIAS EXACTAS
102003685;MONTE VERDE S A
102003710;DROGUERIA MACROFAR S.R.L.
102003720;BANCO ITAU ARGENTINA S.A.
102003775;LOBOV Y CIA S A
102003780;ARGENPAY
102003781;BOSTON SCIENTIFIC ARGENTINA S A
102003785;PROGENITEST S.R.L.
102003800;UPS DE ARGENTINA S A
102003990;PARQUE DE LA SALUD DE LA PROVINCIA
102004041;VAGS COMERCIO INTERNACIONAL S.R.L.
102004056;AZISTIA S.A
102004060;DISTRIBUIDORA MÜLLER S.RL.
102004080;IEJIHAMELEJ S.R.L
102004100;ARCOS DORADOS ARGENTINA S.A.
102004105;PARDO S A
102004125;SILMAG SOCIEDAD ANONIMA
102004140;DIRECT GROUP SA
102004160;BFOOT S.R.L.
102004175;AC EASTWAY S.A.
102004215;LAMOLIANT SRL
102004220;GRUPO MODO S.A.
102004230;KYNDRYL ARGENTINA SRL
102004240;THINK SOLUTIONS S.R.L. - RONDA 360
102004265;COSMETICA Y BELLEZA SRL
102004275;CAP E HIJOS S.A.
102004326;LABORATORIO BIOLAC
102004335;CERVETTI MARKETING
102004365;GSK BIOPHARMA ARGENTINA S.A.
102004385;OCA LOG S.A.
102004400;DIRECTV ARGENTINA SOCIEDAD ANONIMA
102004430;TRIMAGE S.A.
102004441;VACUNAR S.A.
102004445;MUNDO HELADO S.A
102004450;ANYWAY S.A
102004460;VORS S.R.L.
102004495;ARDION
102004505;NIMASA SRL
102004520;EL AUDITOR S A
102004540;EXPERTA SEGUROS SA UNIPERSONAL
102004545;CEPA DE VINOS SRL
102004550;MYM INTERNACIONAL S.R.L.
102004575;DABRA SOCIEDAD ANONIMA (DABRA S.A)
102004580;FRESENIUS MEDICAL CARE
102004590;TRIARG SOCIEDAD ANONIMA
900000999;OCASA RED
102000425;SIND. MEC Y AFINES AL TRANSP AUT
102000770;CASIC S.A.
102000771;TELEFONICA MOVILES ARGENTINA SA
102000797;ASOCIART S.A. ASEGURADOR DE RIESGO
102001513;LOTERIA DE LA PROVINCIA DE CÓRDOBA
102001538;MINISTERIO DE FINANZAS (DIR DE ADM)
102001638;PETERSEN THIELE Y CRUZ S.A.
102001681;BANCO MACRO S.A. (SUC. POSADAS)
102001705;H.C & ASOCIADOS S.A.
102002630;BANCO COMAFI SOCIEDAD ANÓNIMA
102002841;MARBE S.A.
102002903;BOLDT IMPRESORES S.A.
102002932;INGEMED S.A
102002952;SAEVENT EMPRESA DE SERVICIOS EVENTUALES S.A.
102003501;MERCADO CREDITOS SRL
102003293;PAMPA ENERGIA S.A.
102003521;HSBC SEGUROS DE VIDA (ARGENTINA) SA
102003640;BANCO DE GALICIA Y BUENOS
102003842;TOYOTA ARGENTINA S A
102004038;MAYORISTA CENTRO COMERCIAL S.A.
102004065;CT BARRAGAN S.A.
102004115;SERVICIO DE PAGO SAU               
102004190;GLOBALLOGIC ARGENTINA S.R.L.
102004210;ENERGY LINK S.A.
102004300;SADESA SOCIEDAD ANONIMA
102004595;VITOLEN S.A.
102000315;BANCO PATAGONIA S.A.
102001193;EMPRESA PROV. DE ENERGIA DE CORDOBA
102003175;TELEVISION FEDERAL S A
102004620;LANCASTER PHARMA S.A.
102003840;IECS-INSTITUTO DE EFECTIVIDAD CLINI
102002762;PHARMEXX ARGENTINA S.A.
102004480;L3N S.A.
102002795;BOLDT S.A.
102000857;NUEVO BANCO DE SANTA FE S.A.
102001710;MIN.COORD.DE GAB.CHUBUT
102001710;MIN.COORD.DE GAB.CHUBUT
102001710;MIN.COORD.DE GAB.CHUBUT
102001710;MIN.COORD.DE GAB.CHUBUT
102001710;MIN.COORD.DE GAB.CHUBUT
102001710;MIN.COORD.DE GAB.CHUBUT
102001710;MIN.COORD.DE GAB.CHUBUT
102001710;MIN.COORD.DE GAB.CHUBUT
102001710;MIN.COORD.DE GAB.CHUBUT
102001710;MIN.COORD.DE GAB.CHUBUT
102001710;MIN.COORD.DE GAB.CHUBUT
102001710;MIN.COORD.DE GAB.CHUBUT
102001710;MIN.COORD.DE GAB.CHUBUT
102001710;MIN.COORD.DE GAB.CHUBUT
102001710;MIN.COORD.DE GAB.CHUBUT
102001710;MIN.COORD.DE GAB.CHUBUT
102001710;MIN.COORD.DE GAB.CHUBUT
102001710;MIN.COORD.DE GAB.CHUBUT
102001710;MIN.COORD.DE GAB.CHUBUT
102001710;MIN.COORD.DE GAB.CHUBUT
102001710;MIN.COORD.DE GAB.CHUBUT
102001710;MIN.COORD.DE GAB.CHUBUT
102001710;MIN.COORD.DE GAB.CHUBUT
102001710;MIN.COORD.DE GAB.CHUBUT
102001710;MIN.COORD.DE GAB.CHUBUT
102001710;MIN.COORD.DE GAB.CHUBUT
102001710;MIN.COORD.DE GAB.CHUBUT
102001710;MIN.COORD.DE GAB.CHUBUT
102001710;MIN.COORD.DE GAB.CHUBUT
102001710;MIN.COORD.DE GAB.CHUBUT
102001710;MIN.COORD.DE GAB.CHUBUT
102001710;MIN.COORD.DE GAB.CHUBUT
102001710;MIN.COORD.DE GAB.CHUBUT
102001710;MIN.COORD.DE GAB.CHUBUT
102001710;MIN.COORD.DE GAB.CHUBUT
102001710;MIN.COORD.DE GAB.CHUBUT
102001710;MIN.COORD.DE GAB.CHUBUT
102001710;MIN.COORD.DE GAB.CHUBUT
102001710;MIN.COORD.DE GAB.CHUBUT
102001710;MIN.COORD.DE GAB.CHUBUT
102001710;MIN.COORD.DE GAB.CHUBUT
102001710;MIN.COORD.DE GAB.CHUBUT
102001710;MIN.COORD.DE GAB.CHUBUT
102001710;MIN.COORD.DE GAB.CHUBUT
102001710;MIN.COORD.DE GAB.CHUBUT
102001710;MIN.COORD.DE GAB.CHUBUT
102001710;MIN.COORD.DE GAB.CHUBUT
102001710;MIN.COORD.DE GAB.CHUBUT
102001710;MIN.COORD.DE GAB.CHUBUT
102001710;MIN.COORD.DE GAB.CHUBUT
102001710;MIN.COORD.DE GAB.CHUBUT
102001710;MIN.COORD.DE GAB.CHUBUT
102001710;MIN.COORD.DE GAB.CHUBUT
102001710;MIN.COORD.DE GAB.CHUBUT
102001710;MIN.COORD.DE GAB.CHUBUT
102001710;MIN.COORD.DE GAB.CHUBUT
102001710;MIN.COORD.DE GAB.CHUBUT
102001710;MIN.COORD.DE GAB.CHUBUT
102001710;MIN.COORD.DE GAB.CHUBUT
102001710;MIN.COORD.DE GAB.CHUBUT
102001710;MIN.COORD.DE GAB.CHUBUT
102001710;MIN.COORD.DE GAB.CHUBUT
102001710;MIN.COORD.DE GAB.CHUBUT
102001710;MIN.COORD.DE GAB.CHUBUT
102001710;MIN.COORD.DE GAB.CHUBUT
102001710;MIN.COORD.DE GAB.CHUBUT
102001710;MIN.COORD.DE GAB.CHUBUT
102001710;MIN.COORD.DE GAB.CHUBUT
102001710;MIN.COORD.DE GAB.CHUBUT
102001710;MIN.COORD.DE GAB.CHUBUT
102001710;MIN.COORD.DE GAB.CHUBUT
102001710;MIN.COORD.DE GAB.CHUBUT
102001710;MIN.COORD.DE GAB.CHUBUT
102001710;MIN.COORD.DE GAB.CHUBUT
102001710;MIN.COORD.DE GAB.CHUBUT
102001710;MIN.COORD.DE GAB.CHUBUT
102001710;MIN.COORD.DE GAB.CHUBUT
102001710;MIN.COORD.DE GAB.CHUBUT
102001710;MIN.COORD.DE GAB.CHUBUT
102001710;MIN.COORD.DE GAB.CHUBUT
102001710;MIN.COORD.DE GAB.CHUBUT
102001710;MIN.COORD.DE GAB.CHUBUT
102001710;MIN.COORD.DE GAB.CHUBUT
102001710;MIN.COORD.DE GAB.CHUBUT
102001710;MIN.COORD.DE GAB.CHUBUT
102001710;MIN.COORD.DE GAB.CHUBUT
102001710;MIN.COORD.DE GAB.CHUBUT
102001710;MIN.COORD.DE GAB.CHUBUT
102001710;MIN.COORD.DE GAB.CHUBUT
102001710;MIN.COORD.DE GAB.CHUBUT
102001710;MIN.COORD.DE GAB.CHUBUT
102001710;MIN.COORD.DE GAB.CHUBUT
102001710;MIN.COORD.DE GAB.CHUBUT
102001710;MIN.COORD.DE GAB.CHUBUT
102003095;BRANDLIVE S.A.
102002941;TOPPER ARGENTINA S.A.
102003095;BRANDLIVE S.A.
102003190;PICK IT ARGENTINA
102003501;MERCADO CREDITOS SRL
102003190;PICK IT ARGENTINA
102001710;MIN.COORD.DE GAB.CHUBUT
102001710;MIN.COORD.DE GAB.CHUBUT
102001710;MIN.COORD.DE GAB.CHUBUT
102002417;DIRECCION GRAL DE TESORERIA Y CREDI
888888888;OCIOSIDAD TRONCAL
102004715;JULERIAQUE S.A.
102003601;HC CORPORATION ARGENTINA S.A.
102001225;MASSALIN PARTICULARES S.A.
102004735;BARAHONA CARLOS JOSE
102004270;ALGODONERA ACONCAGUA S A
102004655;PROCTER & GAMBLE ARGENTINA S.R.L.
102000707;COMPAÑIA NAVIERA HORAMAR S.A
102003842;TOYOTA ARGENTINA S A
102002930;EXPERTA ART SA
102004770;CACHAY S.A.
102001569;MACRO SECURITIES S.A.
102004732;MEBSAN (MUTUAL DE EMPLEADOS DEL BANCO SANTANDER RIO)
102004665;PILISAR S.A.
102004535;DIR DE ADM DEL PODER JUDICIAL CORDOBA
102000348;UNILEVER
102003425;FARMCITY SA
900000999;OCASA RED
102004435;PROYECTOS PASTOS GRANDES S.A.
102004730;SYSMEX ARGENTINA S.A.
102002640;TELEMERCADO SRL
102004415;WESTERN UNION FINANCIAL SERVICE
102003825;INMUNOVA S.A.
102004790;MUNICIPALIDAD DE SAN MIGUEL DE TUCU
102000347;SEABOARD ENERGIAS RENOVABLES Y ALIM
900000999;OCASA RED
900000999;OCASA RED
900000999;OCASA RED
102004666;NEWSAN SOCIEDAD ANONIMA
900000999;OCASA RED
102001674;ARCOR SAIC
102001674;ARCOR SAIC
102001674;ARCOR SAIC
102001674;ARCOR SAIC
102003501;MERCADO CREDITOS SRL
102001710;MIN.COORD.DE GAB.CHUBUT
102001710;MIN.COORD.DE GAB.CHUBUT
102001710;MIN.COORD.DE GAB.CHUBUT
100185631;NATURA -GARIN-
100183121;FARMACITY -DON TORCUATO-
102001710;MIN.COORD.DE GAB.CHUBUT
102001710;MIN.COORD.DE GAB.CHUBUT
100120809;RECONOCIMIENTOS MEDICOS SARMIENTO
102001710;MIN.COORD.DE GAB.CHUBUT
102003501;MERCADO CREDITOS SRL
102001710;MIN.COORD.DE GAB.CHUBUT
102001710;MIN.COORD.DE GAB.CHUBUT
102001710;MIN.COORD.DE GAB.CHUBUT
900000999;OCASA RED
102001710;MIN.COORD.DE GAB.CHUBUT
102001710;MIN.COORD.DE GAB.CHUBUT
102001710;MIN.COORD.DE GAB.CHUBUT
102001710;MIN.COORD.DE GAB.CHUBUT
102001710;MIN.COORD.DE GAB.CHUBUT
102001710;MIN.COORD.DE GAB.CHUBUT
102001710;MIN.COORD.DE GAB.CHUBUT
102001710;MIN.COORD.DE GAB.CHUBUT
102001710;MIN.COORD.DE GAB.CHUBUT
102001710;MIN.COORD.DE GAB.CHUBUT
102001710;MIN.COORD.DE GAB.CHUBUT
102001710;MIN.COORD.DE GAB.CHUBUT
102001710;MIN.COORD.DE GAB.CHUBUT
102001710;MIN.COORD.DE GAB.CHUBUT
102001710;MIN.COORD.DE GAB.CHUBUT
0;SIN INFORMACION
102001710;MIN.COORD.DE GAB.CHUBUT
102001710;MIN.COORD.DE GAB.CHUBUT
102001710;MIN.COORD.DE GAB.CHUBUT
102001710;MIN.COORD.DE GAB.CHUBUT
100119439;DX ELECTRONICA
102001710;MIN.COORD.DE GAB.CHUBUT
102001710;MIN.COORD.DE GAB.CHUBUT
102001710;MIN.COORD.DE GAB.CHUBUT
102001710;MIN.COORD.DE GAB.CHUBUT
102001710;MIN.COORD.DE GAB.CHUBUT
102001710;MIN.COORD.DE GAB.CHUBUT
102003190;PICK IT ARGENTINA
102001710;MIN.COORD.DE GAB.CHUBUT
102001710;MIN.COORD.DE GAB.CHUBUT
102001710;MIN.COORD.DE GAB.CHUBUT
102001710;MIN.COORD.DE GAB.CHUBUT
102001710;MIN.COORD.DE GAB.CHUBUT
102001710;MIN.COORD.DE GAB.CHUBUT
102001710;MIN.COORD.DE GAB.CHUBUT
102001710;MIN.COORD.DE GAB.CHUBUT
102001710;MIN.COORD.DE GAB.CHUBUT
102001710;MIN.COORD.DE GAB.CHUBUT
101010101;ORG COURIER ARG
102001710;MIN.COORD.DE GAB.CHUBUT
100169744;EQUUS
102001710;MIN.COORD.DE GAB.CHUBUT
102001710;MIN.COORD.DE GAB.CHUBUT
102001710;MIN.COORD.DE GAB.CHUBUT
102001710;MIN.COORD.DE GAB.CHUBUT
102001710;MIN.COORD.DE GAB.CHUBUT
102001710;MIN.COORD.DE GAB.CHUBUT
102001674;ARCOR SAIC
102001710;MIN.COORD.DE GAB.CHUBUT
102001710;MIN.COORD.DE GAB.CHUBUT
100117506;SONY ARGENTINA
102001710;MIN.COORD.DE GAB.CHUBUT
102001710;MIN.COORD.DE GAB.CHUBUT
900000999;OCASA RED
102003095;BRANDLIVE S.A.
102001710;MIN.COORD.DE GAB.CHUBUT
102001710;MIN.COORD.DE GAB.CHUBUT
102001710;MIN.COORD.DE GAB.CHUBUT
102001710;MIN.COORD.DE GAB.CHUBUT
102001710;MIN.COORD.DE GAB.CHUBUT
102001710;MIN.COORD.DE GAB.CHUBUT
102001710;MIN.COORD.DE GAB.CHUBUT
102001710;MIN.COORD.DE GAB.CHUBUT
900000999;OCASA RED
102001710;MIN.COORD.DE GAB.CHUBUT
102001710;MIN.COORD.DE GAB.CHUBUT
102001710;MIN.COORD.DE GAB.CHUBUT
102001710;MIN.COORD.DE GAB.CHUBUT
102001710;MIN.COORD.DE GAB.CHUBUT
102001710;MIN.COORD.DE GAB.CHUBUT
102001710;MIN.COORD.DE GAB.CHUBUT
102001710;MIN.COORD.DE GAB.CHUBUT
102001710;MIN.COORD.DE GAB.CHUBUT
102001710;MIN.COORD.DE GAB.CHUBUT
102001710;MIN.COORD.DE GAB.CHUBUT
102001710;MIN.COORD.DE GAB.CHUBUT
102001710;MIN.COORD.DE GAB.CHUBUT
102001710;MIN.COORD.DE GAB.CHUBUT
102001710;MIN.COORD.DE GAB.CHUBUT
102001710;MIN.COORD.DE GAB.CHUBUT
102001710;MIN.COORD.DE GAB.CHUBUT
100160825;AC EASTWAY -BULNES-
102001710;MIN.COORD.DE GAB.CHUBUT
102001710;MIN.COORD.DE GAB.CHUBUT
102001710;MIN.COORD.DE GAB.CHUBUT
102001710;MIN.COORD.DE GAB.CHUBUT
900000999;OCASA RED
102001710;MIN.COORD.DE GAB.CHUBUT
102001710;MIN.COORD.DE GAB.CHUBUT
102001710;MIN.COORD.DE GAB.CHUBUT
102001710;MIN.COORD.DE GAB.CHUBUT
102001710;MIN.COORD.DE GAB.CHUBUT
102001710;MIN.COORD.DE GAB.CHUBUT
100134431;SELL2SHIP
102001710;MIN.COORD.DE GAB.CHUBUT
102001710;MIN.COORD.DE GAB.CHUBUT
102003190;PICK IT ARGENTINA
102001710;MIN.COORD.DE GAB.CHUBUT
102003800;UPS DE ARGENTINA S A
102001710;MIN.COORD.DE GAB.CHUBUT
102001710;MIN.COORD.DE GAB.CHUBUT
102001710;MIN.COORD.DE GAB.CHUBUT
102001710;MIN.COORD.DE GAB.CHUBUT
102003190;PICK IT ARGENTINA
102001710;MIN.COORD.DE GAB.CHUBUT
102001710;MIN.COORD.DE GAB.CHUBUT
102004391;MONTANO MARIA ELENA
102004675;TECNORTH S.A.
102004767;LA RURAL S.R.L.
102001781;SOCIEDAD ANONIMA LA SIBILA
102004680;GRUPO NÚCLEO S.A
102004700;CALABED S.A.
102004795;TOPYED S.A.
102004770;CACHAY S.A.
102004745;CARLOS ROSSETTI S.A.
102004905;SHIP NOW SRL
900000168;TIENDA FARMA
102004825;BGH S.A.
102004775;ELDER TEC S.R.L.
102004211;INGRECOR S.A.
900000181;DTF.STAMP
102001710;MIN.COORD.DE GAB.CHUBUT
102001710;MIN.COORD.DE GAB.CHUBUT
102001710;MIN.COORD.DE GAB.CHUBUT
102001710;MIN.COORD.DE GAB.CHUBUT
102001710;MIN.COORD.DE GAB.CHUBUT
102001710;MIN.COORD.DE GAB.CHUBUT
102001710;MIN.COORD.DE GAB.CHUBUT
102001710;MIN.COORD.DE GAB.CHUBUT
102001710;MIN.COORD.DE GAB.CHUBUT
102001710;MIN.COORD.DE GAB.CHUBUT
102001710;MIN.COORD.DE GAB.CHUBUT
102001710;MIN.COORD.DE GAB.CHUBUT
102001710;MIN.COORD.DE GAB.CHUBUT
102001710;MIN.COORD.DE GAB.CHUBUT
102001710;MIN.COORD.DE GAB.CHUBUT
102001710;MIN.COORD.DE GAB.CHUBUT
102001710;MIN.COORD.DE GAB.CHUBUT
102001710;MIN.COORD.DE GAB.CHUBUT
102001710;MIN.COORD.DE GAB.CHUBUT
102001710;MIN.COORD.DE GAB.CHUBUT
102001710;MIN.COORD.DE GAB.CHUBUT
102001710;MIN.COORD.DE GAB.CHUBUT
102001710;MIN.COORD.DE GAB.CHUBUT
102001710;MIN.COORD.DE GAB.CHUBUT
102001710;MIN.COORD.DE GAB.CHUBUT
102001710;MIN.COORD.DE GAB.CHUBUT
102001710;MIN.COORD.DE GAB.CHUBUT
102001710;MIN.COORD.DE GAB.CHUBUT
102001710;MIN.COORD.DE GAB.CHUBUT
102001710;MIN.COORD.DE GAB.CHUBUT
102002456;GOBIERNO DE LA CIUDAD DE BUENOS AIR
102003190;PICK IT ARGENTINA
102003475;DHL SUPPLY CHAIN (ARGENTINA) S.A.
102001710;MIN.COORD.DE GAB.CHUBUT
102001710;MIN.COORD.DE GAB.CHUBUT
102001710;MIN.COORD.DE GAB.CHUBUT
102001710;MIN.COORD.DE GAB.CHUBUT
900000179;CLIENTES GENERICOS SS FCIEROS
102004630;PAPEL MISIONERO SAIFC
102004750;BRITISH AMERICAN TOBACCO ARGENTINA SAICY
102004768;RIOS SCHVINDT MARCELO ALEJANDRO
102004810;FUNDACION FACULTAD DE CIENCIAS
102004815;BAT OPERACIONES S.A.U.
102004031;VITALECO SAS
102004745;ROSSETTI DEPORTES
102004765;COOPERATIVA CORDOBA FARMACEUTICA DE PROVISION TRANSFORMACION Y COMERCIALIZACION ,CONSUMO,SERVICIOS ASISTENCIAL,CREDITOS Y VIVIENDA LIMITADA
102004775;ELDER TEC S.R.L.
900000174;CLIENTES GENERICOS AUTOMOTRIZ
900000175;CLIENTES GENERICOS ENERGIA
900000153;CLIENTES GENERICOS MODA & FASHION
900000163;CLIENTES GENERICOS CONSUMO MASIVO
900000169;CLIENTES GENERICOS SALUD & FARMA
900000176;CLIENTES GENERICOS RETAIL
900000177;CLIENTES GENERICOS TELCO
900000178;CLIENTES GENERICOS TECNO
900000180;CLIENTES GENERICOS SS FCIEROS
102004766;SERVICIO NACIONAL DE SANIDAD Y CALIDAD A
102002796;MG PHARMACORP SRL
102004055;NAKA OUTDOORS CO. S.R.L. 
102004211;INGRECOR S.A.
102004667;NEWSAN MALL S.A.U.
102004772;NUEVA COLON S.R.L.
102004830;GRIMBERG DENTALES S.A.
102004850;DECOMAT S.A.
102004855;FASCE MARTINA ANTONELLA
102003267;REDFARM S.A.
102003975;MINISTERIO DE EDUCACION CBA
102004895;CARSA S.A.
102003190;PICK IT ARGENTINA
102003781;BOSTON SCIENTIFIC ARGENTINA S A
102001710;MIN.COORD.DE GAB.CHUBUT
102001710;MIN.COORD.DE GAB.CHUBUT
102000857;NUEVO BANCO DE SANTA FE S.A.
102001306;ALOT S.A.
101010101;ORG COURIER ARG
102004870;GONZALEZ HERNAN ALBERTO
102001710;MIN.COORD.DE GAB.CHUBUT
102001397;HSBC BANK ARGENTINA S.A.
102000317;BANCO MACRO S.A.
102001710;MIN.COORD.DE GAB.CHUBUT
102000317;BANCO MACRO S.A.
102001710;MIN.COORD.DE GAB.CHUBUT
102004450;ANYWAY S.A
102000355;SPEDROG CAILLON S.A.I.C.
102000395;GLAXO SMITH KLINE
102000598;CORTE SUPREMA DE JUSTICIA - OS
102001653;ADDOC ADMIN.DE DOCUMENTOS S.A.
102002933;OPCION SEGUROS S.A.
102002951;SOTO LOPEZ MARIA EUGENIA
102003200;SUIZO ARGENTINA SOCIEDAD ANONIMA
102003307;HELIOS PHARMA S.A.
102003590;ATENE LOGISTIC S.A.
102003690;BAICOMEX S.A.
102003815;INFORMATION TECHNOLOGY S.A.
102004005;HACIENDO CAMINO ASOCIACION CIVIL
102004015;TISCH S.R.L.
102004035;MANZO VERONICA SUS
102004045;DULCE SRL
102004170;WESTPOINT DE ARGENTINA SA
102004431;G P V SOCIEDAD ANONIMA
102004440;ASOCIACION CIVIL MARIA REINA DEL TE
102004640;PETROQUIMICA RIO TERCERO S.A.
900000999;OCASA RED
102000399;BANCO DE TUCUMÁN S.A.
102000515;PRAXAIR ARGENTINA S.R.L.
102000661;FALABELLA S.A.
102000736;DROGUERÍA META S.A.
102001615;SEA COOP. DE CREDITO, VIVIENDA Y CONSUMO LTDA.
102002419;BARRA TRES DISEÑO Y COMUNICACION
102003146;ALBERTO MENDEZ E HIJOS SA
102003247;DISTRIBUIDORA Y DROGUERIA COFARMA SRL
102004525; COMUNIDAD FELICITE S.R.L.
102004860;DROGUERÍA DIMEC S.R.L.
102004865;BANCO DE LA PAMPA S.E.M.
102004875;CARLOS ANDRETICH S.A.
102000327;COMPAÑIA DE SEGUROS EL NORTE SOCIED
102000372;BAYER S.A.
102000457;C.O.P.I.J.S.U.D.
102000458;FED ARG TRABAJADORES LUZ Y FUERZA
102000574;PROMEDON SA
102000591;INTEC S.R.L.
102000735;LABORATORIO LKM S.A.
102000936;GEFCO ARGENTINA S.A.
102001194;MUNICIPALIDAD DE CORDOBA
102001447;PODER JUD DE LA PROV DE SALTA (TRIB
102001475;SANOFI-AVENTIS ARGENTINA S.A.
102001547;ADDOC ADMIN.DE DOCUMENTOS S.A.
102001561;LEMPRIERE FOX & LILLIE S.A.
102001660;PETERSEN, T Y C SA - N GUERECHET SA
102001774;FISHER CLINICAL SERVICES LATIN AM.
102002295;FUNDACION HUESPED
102002440;SHIRE HUMAN GENETIC THERAPIES SA
102002611;LAT RESEARCH SRL
102002614;DT LOGISTICA S.A.
102002620;CAJA DE SEGUROS SA
102002675;LANUSSE MAXIMO EDUARDO
102002745;SIETE Y MEDIA SA
102002807;MUTUAL DE EMPLEADOS DE BANCOS (M.E.
102002835;ORBILENT SRL 
102002845;GE HEALTHCARE LIFE SCIENCES ARGENTI
102002926;ESPASA S.A.
102002929;FERRER S.A.
102002963;DROGUERIA 20 DE JUNIO S.A.
102002995;IMPRESORA CHUBUTENSE SA
102003010;NARVAEZ VILLARRUBIA CLAUDIA WUILLMA
102003011;PHARMASUR S.A.
102003040;BBVA CONSOLIDAR SEGUROS SOCIEDAD 
102003087;STYROPEK S.A.
102003165;MANPETROL S.A.
102003170;FEMANI MEDICAL SRL.
102003305;MINISTERIO DE SALUD DE ENTRE RIOS
102003365;CASARETO MARIA DE LOS ANGELES
102003368;INGRAM MICRO ARG S.A
102003386;BRIGHSTAR FUEGUINA SA
102003406;DIRECCION ADMINISTRACION MEHYF
102003435;CONFITTE S.R.L.
102003440;HOSPITAL BRITANICO DE BUENOS AIRES
102003466;PVCRED SOCIEDAD ANONIMA
102003500;INDUSTRIAL AND COMMERCIAL
102003560;ROSARIO AL COSTO S.R.L.
102003632;RELEVAMIENTOS Y AUDITORIAS FISCALES SA
102003716;DANONE ARGENTINA S.A
102003795;FUNDACION ITAU ARGENTINA
102003935;FITO PAEZ S.R.L.
102003970;INSTITUTO NACIONAL CENTRAL UNICO
102003980;GRUPO RADIOCENTRO S.R.L.
102003985;MTV NETWORKS ARGENTINA S.R.L
102004013;CANDY ELECTRODOMESTICOS ARGENTINA SA
102004021;ESFERA S.R.L.
102004030;AFAKOT SA
102004075;PALL TECHNOLOGIES S A
102004086;HOGAR ACTUAL SRL
102004095;CONSEJO NACIONAL DE INVESTIGACIONES CIENTIFICAS Y TECNICAS CONICET
102004145;MONTEBIO S R L
102004195;AGETIN S.R.L.
102004305;AP - BIOTECH S.R.L.
102004370;ASOCIACION COOPERADORA DE LA FACULTAD DE ING.
102004390;MORBELLI LEONARDO ENRIQUE
102004395;ASOCIACION MUTUAL SANCOR SALUD
102004425;PRO - PROPUESTA REPUBLICANA
102004442;GLOBAL SOLUTIONS SRL
102004475;BAGAGGIO S.R.L
102004490;COFARSUR SACIF
102004555;ENDULZARTE DULZURAS PUBLICITARIAS
102004725;AMPLIFY S.A.
103000080;NATEN SRL
103000085;LATINABA LLC
103000110;INMUNOTEK S.L.
101010101;ORG COURIER ARG
102001710;MIN.COORD.DE GAB.CHUBUT
102001710;MIN.COORD.DE GAB.CHUBUT
102001710;MIN.COORD.DE GAB.CHUBUT
102001710;MIN.COORD.DE GAB.CHUBUT
102001710;MIN.COORD.DE GAB.CHUBUT
102001710;MIN.COORD.DE GAB.CHUBUT
102001710;MIN.COORD.DE GAB.CHUBUT
102001710;MIN.COORD.DE GAB.CHUBUT
102003031;ERREPAR S.A.
102003190;PICK IT ARGENTINA
102003190;PICK IT ARGENTINA
102004105;PARDO S A
102001447;PODER JUD DE LA PROV DE SALTA (TRIB
102004050;RAIZEN ARGENTINA S.A.U.
102004071;LOG IN FARMA SRL
102004906;REGISTRO NACIONAL DE LAS PERSO
102004945;MAILAMERICAS S.R.L.
777777777;OCIOSIDAD ALMACEN GENERAL
666666666;OCIOSIDAD ALMACEN SALUD
102001184; INC RESEARCH CRO ARGENTINA S.R.L.
102004926;TOYOTA MHM LTDA
102004880;INTRALOG DE ARGENTINA S.A.
102004975;LOGISTICA Y TRANSPORTES ESPECIALES
103000120;N24 INTERNATIONAL S.A.
103000115;LION ECOMMERCE LOGISTICS LIMITED
102004994;ASOCIACION CIVIL FRANCISCANA P
102005018;LAS BLONDAS S.A.
102005020;DEMIBELL S.A.U.
102005019;GOSSIP S.A.U.
102004905;SHIP NOW SRL
102003660;DIREXA S.A.
102000579;EDENRED ARGENTINA S.A.
102003159;MONROE AMERICANA SOCIEDAD ANONIMA
102003276;YURUTI SA
102003610;BLANCO BAHIA S.A.
102003960;PETERSEN, THIELE Y CRUZ S.A.C. Y M.
102002860;SOLUCIONES GRAFICAS S.R.L.
102002927;FINANDINO COMPAÑIA FINANCIERA S.A.
102005040;AGUAS CORDOBESAS S.A.
102005041;COOPERATIVA FEL LTDA FABRICA DE
102005042;IOT CIUDADES INTELIGENTES S.A.S.
102005045;SPEED BUSINESS S.A.
102005046;AFFIDARE S.R.L.
102005048;MUNICIPALIDAD DE LA CALERA
102005049;MUNICIPALIDAD DE ONCATIVO
102005050;MUNICIPALIDAD DE LA CIUDAD DE OLIVA
102005051;MUNICIPALIDAD DE MALAGUEÑO
102005053;MUNICIPALIDAD DE JAMES CRAIK
102005054;MUNICIPALIDAD DE TIO PUJIO
102005055;IQSA S.A.
102005056;MUTUAL ASOCIACION MUTUAL DE TRABAJA
102005057;VALLE FERTIL S.A.
102005058;CAJA DE PREVISION SOCIAL PARA PROFE
102005059;CELLI ALBRISI JUAN FRANCISCO
102005060;ASOCIACIÓN ESPAÑOLA DE SOCORROS MUT
102005061;PLANETA POSTAL SRL
102005062;MONITORA SEGURIDAD INTELIGENTE S.R.
102005066;ASOCIACION CENTRO DE JUBILADOS Y PE
102005080;MUNICIP DE SAN ANTONIO DE ARREDONDO
102005081;MUNICIPALIDAD DE HUERTA GRANDE
102002418;SIND OBRERO CHOFERES CAMIONEROS AYU
102001740;MRO. DE GOBIERNO (REGISTRO CIVIL)
102001710;MIN.COORD.DE GAB.CHUBUT
102001710;MIN.COORD.DE GAB.CHUBUT
102001710;MIN.COORD.DE GAB.CHUBUT
102001710;MIN.COORD.DE GAB.CHUBUT
102001710;MIN.COORD.DE GAB.CHUBUT
102001710;MIN.COORD.DE GAB.CHUBUT
102001710;MIN.COORD.DE GAB.CHUBUT
102002641;TUTEUR SACIFIA
102003210;BIOMAKERS SA
102000885;PAN AMERICAN ENERGY S.L
102004940;IT BROKERS S.A.
102004944;ADIDAS ARGENTINA S.A.
900000998;CAMARA DEL LIBRO
900000998;CAMARA DEL LIBRO
900000998;CAMARA DEL LIBRO
900000998;CAMARA DEL LIBRO
900000998;CAMARA DEL LIBRO
900000998;CAMARA DEL LIBRO
900000998;CAMARA DEL LIBRO
900000998;CAMARA DEL LIBRO
900000998;CAMARA DEL LIBRO
900000998;CAMARA DEL LIBRO
900000998;CAMARA DEL LIBRO
900000998;CAMARA DEL LIBRO
900000998;CAMARA DEL LIBRO
900000998;CAMARA DEL LIBRO
900000998;CAMARA DEL LIBRO
102005071;MINISTERIO DE EDUCACION DE LA PROVI DE CÓRDOBA
102005052;MUNICIPALIDAD DE LA FALDA
102005100;NACION SERVICIOS S.A.
102005110;SOLIDAGRO ASOCIACION CIVIL
900000998;CAMARA DEL LIBRO
102005175;FUNDACION ESTEBAN BULLRICH
102002527;ZURICH ARGENTINA COMPAÑIA DE SEGURO
102004910;FUZION S.R.L.
102004970;MOLINOS RIO DE LA PLATA S.A.
102005126;DEPORSUR S.A.
102001710;MIN.COORD.DE GAB.CHUBUT
102001710;MIN.COORD.DE GAB.CHUBUT
102003246;ABC SA
102001710;MIN.COORD.DE GAB.CHUBUT
101180118;OC LOGISTICS INDIA PRIVAT LTD.
102002417;DIRECCION GRAL DE TESORERIA Y CREDI
102001674;ARCOR SAIC
102004885;MORE TELEVISION S.A.
900000998;ETERNA CADENCIA S.R.L.
102005127;BARRY EDITORIAL COM E IND SRL
900000998;LA BRUJITA DE PAPEL S.A.
102005166;ASOCIACION ESCUELA CIENTIFICA
900000998;ASOCIACION ISRAELITA ARGENTINA
900000998;EDICIONES COLIHUE S.R.L.
900000998;DONOZO LEANDRO
102005215;PRESTIGE AUTO S.A.U.
900000998;CARPINTERO ENRIQUE LUIS
900000998;BARRIERA CECILIA MELISA
102001710;MIN.COORD.DE GAB.CHUBUT
102001710;MIN.COORD.DE GAB.CHUBUT
102001710;MIN.COORD.DE GAB.CHUBUT
102003486;ADEA ADMINISTRADORA DE ARCHIVOS S A
102004125;SILMAG SOCIEDAD ANONIMA
102003486;ADEA ADMINISTRADORA DE ARCHIVOS S A
102003486;ADEA ADMINISTRADORA DE ARCHIVOS S A
102002299;RIG ARGENTINA S. A.
102004150;23PEERS S.A.
102005016;ID GROUP S.A.
102005065;LAURA LIFCHIZ
102005070;CEPROCOR
102005111;ANTONIO LUQUIN S A C I F E I
900000998;"COOPERATIVA DE TRABAJO GRAFICA ""VISION 7"" LIMITADA"
900000998;ASOCIACION COLEGIO ADVENTISTA DEL PLATA
900000998;BONILLA RODAS ALBERTO
900000998;COOPERATIVA DE TRABAJO COMUNIDAD LIMITADA
900000998;LEVIN LEONARDO ADRIAN
900000998;MIÃ‘O Y DAVILA S.R.L.
102005255;ALBARRACIN ALEJANDRO DIEGO
102000419;CLUB ATLETICO RIVER PLATE A.C.
102005266;RENAULT S.A.
103000125;HANGZHOU FAR INTERNATIONAL LOGISTIC CO.
102000420;FRAVEGA S.A.C.I. E I.
900000998;NUEVA LIBRERIA S R L
900000998;LEVIN LEONARDO A ALBALA VICTOR N SH
900000998;EDICIONES JOURNAL S.A.
102005147;POLICIA DE LA PROVINCIA DE CORDOBA
102002844;KLINICAL S.A.
102005271;EDITORIAL PERFIL S.A.
102005168;COOPERATIVA DE TRABAJO MUCHAS NUECES LTD
