SUCURSAL;ACTIVIDAD;MTS2;FTE;TIENE MTS2;TIENE FTE;ESTADO / INCONSISTENCIA
AEP;DISTRIBUCION DI;;1,25;NO;SI;FTE sin MTS2
AEP;TRONCAL TERRESTRE DI;781,81;;SI;NO;MTS2 sin FTE
AEP;ADMINISTRACION OP DI;331,47;1,3;SI;SI;OK - Tiene MTS2 y FTE
AEP;TRONCAL AEREO DI;7036,37;8,45;SI;SI;OK - Tiene MTS2 y FTE
AGR;ADMINISTRACION OP SP;168;;SI;NO;MTS2 sin FTE
AGR;CLASIFICACION SP;126;;SI;NO;MTS2 sin FTE
AGR;DISTRIBUCION DI;60;;SI;NO;MTS2 sin FTE
AGR;DISTRIBUCION SP;300;;SI;NO;MTS2 sin FTE
AGR;GUARDA SP;56;;SI;NO;MTS2 sin FTE
AGR;INGRESOS SP;84;;SI;NO;MTS2 sin FTE
AGR;RECEPCION SP;140;;SI;NO;MTS2 sin FTE
AGR;DISTRIBUIDORES DOMICILIARIOS SDI;60;3;SI;SI;OK - Tiene MTS2 y FTE
AVE;ADMISION DI;;0,5;NO;SI;FTE sin MTS2
AVE;INPLANT RECURSOS HUMANOS;;1;NO;SI;FTE sin MTS2
AVE;OPER LIFE SCIENCE USA;;1;NO;SI;FTE sin MTS2
AVE;TRONCAL TERRESTRE DI;;1,1;NO;SI;FTE sin MTS2
AVE;CLASIFICACION DI;13452;;SI;NO;MTS2 sin FTE
AVE;ESPACIOS CEDIDOS AG;8640;;SI;NO;MTS2 sin FTE
AVE;ESPACIOS CEDIDOS SE;13584;;SI;NO;MTS2 sin FTE
AVE;AYUDANTE DE FLOTA;;7;NO;SI;OK - Sin mts2
AVE;ADMINISTRACION OP AG;5462,4;14,15;SI;SI;OK - Tiene MTS2 y FTE
AVE;ADMINISTRACION OP DI;2832;2,7;SI;SI;OK - Tiene MTS2 y FTE
AVE;ALMACENAMIENTO AG;183888;9,95;SI;SI;OK - Tiene MTS2 y FTE
AVE;DISTRIBUCION DI;16404;1,55;SI;SI;OK - Tiene MTS2 y FTE
AVE;IMPOSICION DI;4476;1,4;SI;SI;OK - Tiene MTS2 y FTE
AVE;INGRESO AG;17469,6;7,65;SI;SI;OK - Tiene MTS2 y FTE
AVE;MANTENIMIENTO;2040;1,05;SI;SI;OK - Tiene MTS2 y FTE
AVE;PICKING AG;22752;26,24;SI;SI;OK - Tiene MTS2 y FTE
BHI;ADMISION DI;;1,2;NO;SI;FTE sin MTS2
BHI;ESTRATEGIA TRANSPORTE;;1;NO;SI;FTE sin MTS2
BHI;IMPOSICION DI;;0,5;NO;SI;FTE sin MTS2
BHI;RENDICION SP;;0,4;NO;SI;FTE sin MTS2
BHI;TRONCAL TERRESTRE DI;;2,5;NO;SI;FTE sin MTS2
BHI;DISTRIBUCION SP;500;;SI;NO;MTS2 sin FTE
BHI;INGRESOS SP;600;;SI;NO;MTS2 sin FTE
BHI;FLOTA PROPIA CAMIONETA;;1;NO;SI;OK - Sin mts2
BHI;ADMINISTRACION OP DI;720;1,5;SI;SI;OK - Tiene MTS2 y FTE
BHI;CLASIFICACION DI;50976;6;SI;SI;OK - Tiene MTS2 y FTE
BHI;DISTRIBUCION DI;48652;8,69;SI;SI;OK - Tiene MTS2 y FTE
BHI;RENDICION DI;816;0,4;SI;SI;OK - Tiene MTS2 y FTE
BLG;ADMINISTRACION OP SP;630;;SI;NO;MTS2 sin FTE
BLG;DISTRIBUCION DI;288;;SI;NO;MTS2 sin FTE
BLG;INGRESO AG;288;;SI;NO;MTS2 sin FTE
BLG;MANTENIMIENTO;792;;SI;NO;MTS2 sin FTE
BLG;RENDICION SP;630;;SI;NO;MTS2 sin FTE
BLG;ADMINISTRACION OP AG;302,4;1;SI;SI;OK - Tiene MTS2 y FTE
BLG;ALMACENAMIENTO AG;4348,8;0,3;SI;SI;OK - Tiene MTS2 y FTE
BLG;DISTRIBUCION SP;645,6;10;SI;SI;OK - Tiene MTS2 y FTE
BLG;LIMPIEZA;144;1;SI;SI;OK - Tiene MTS2 y FTE
BLG;PICKING AG;907,2;1,7;SI;SI;OK - Tiene MTS2 y FTE
BLG;RECEPCION SP;360;3;SI;SI;OK - Tiene MTS2 y FTE
CDN;INPLANT RECURSOS HUMANOS;;1;NO;SI;FTE sin MTS2
CDN;ALMACENAMIENTO AG;114632;;SI;NO;MTS2 sin FTE
CDN;IMPOSICION DI;30338;;SI;NO;MTS2 sin FTE
CDN;RRHH;252;;SI;NO;MTS2 sin FTE
CDN;SEGURIDAD PATRIMONIAL;1400;;SI;NO;MTS2 sin FTE
CDN;ADMINISTRACION OP DI;4158;8;SI;SI;OK - Tiene MTS2 y FTE
CDN;CLASIFICACION DI;52136;13;SI;SI;OK - Tiene MTS2 y FTE
CDN;DISTRIBUCION DI;56672;34,9;SI;SI;OK - Tiene MTS2 y FTE
CDN;MANTENIMIENTO;1540;2;SI;SI;OK - Tiene MTS2 y FTE
CDN;TRONCAL TERRESTRE DI;44716;8;SI;SI;OK - Tiene MTS2 y FTE
CNQ;ADMINISTRACION OP DI;86,4;;SI;NO;MTS2 sin FTE
CNQ;CLASIFICACION DI;443,52;;SI;NO;MTS2 sin FTE
CNQ;DISTRIBUCION DI;517,44;;SI;NO;MTS2 sin FTE
CNQ;DISTRIBUCION SP;369,6;;SI;NO;MTS2 sin FTE
CO2;PROGRAMACION DI;;0,75;NO;SI;FTE sin MTS0
CO2;INGENIERIA DE SOFTWARE;;1;NO;SI;FTE sin MTS1
CO2;TRONCAL AEREO DI;;0,4;NO;SI;FTE sin MTS1
CO2;ADMINISTRACION OP AS;;0,25;NO;SI;FTE sin MTS2
CO2;ESTRATEGIA TRANSPORTE;;1;NO;SI;FTE sin MTS2
CO2;ALMACENAMIENTO AG;55868;;SI;NO;MTS2 sin FTE
CO2;CLASIFICACION SP;8800;;SI;NO;MTS2 sin FTE
CO2;INPLANT RECURSOS HUMANOS;280;;SI;NO;MTS2 sin FTE
CO2;FLOTA PROPIA CAMIONETA;;7;NO;SI;OK - Sin mts2
CO2;ADMINISTRACION OP AG;66;0,45;SI;SI;OK - Tiene MTS2 y FTE
CO2;ADMINISTRACION OP DI;1960,8;7,05;SI;SI;OK - Tiene MTS2 y FTE
CO2;ADMINISTRACION OP SP;274;0,25;SI;SI;OK - Tiene MTS2 y FTE
CO2;ADMISION DI;316;8,85;SI;SI;OK - Tiene MTS2 y FTE
CO2;CLASIFICACION DI;52956;13,4;SI;SI;OK - Tiene MTS2 y FTE
CO2;DISTRIBUCION DI;185828;22,24;SI;SI;OK - Tiene MTS2 y FTE
CO2;IMPOSICION DI;136;2,8;SI;SI;OK - Tiene MTS2 y FTE
CO2;INPLANT INF Y TECNOLOG;70;1;SI;SI;OK - Tiene MTS2 y FTE
CO2;MANTENIMIENTO;128;1;SI;SI;OK - Tiene MTS2 y FTE
CO2;RENDICION DI;1431,2;4,45;SI;SI;OK - Tiene MTS2 y FTE
CO2;TRONCAL TERRESTRE DI;2852;2,35;SI;SI;OK - Tiene MTS2 y FTE
COP;ASUNTOS INSTITUCIONALES;;3;NO;SI;FTE sin MTS2
COP;COMPRAS;;1;NO;SI;FTE sin MTS2
COP;CONTABILIDAD E IMPUESTOS;;1;NO;SI;FTE sin MTS2
COP;FACTURACION Y CTAS A PAGAR;;1;NO;SI;FTE sin MTS2
COP;INPLANT RECURSOS HUMANOS;;2;NO;SI;FTE sin MTS2
COP;OPERACIONES POSTAL SDI;;49,13;NO;SI;FTE sin MTS2
COP;ADMINISTRACION OP AS;288;;SI;NO;MTS2 sin FTE
COP;ADMINISTRACION OP SP;2610;;SI;NO;MTS2 sin FTE
COP;CLASIFICACION SP;1596;;SI;NO;MTS2 sin FTE
COP;COMERCIAL;200,2;;SI;NO;MTS2 sin FTE
COP;DISTRIBUCION DI;1841,2;;SI;NO;MTS2 sin FTE
COP;DISTRIBUCION SP;9206;;SI;NO;MTS2 sin FTE
COP;GUARDA SP;263,2;;SI;NO;MTS2 sin FTE
COP;INGRESOS SP;4191,6;;SI;NO;MTS2 sin FTE
COP;RENDICION SP;1316;;SI;NO;MTS2 sin FTE
COP;RRHH;189;;SI;NO;MTS2 sin FTE
COP;SEGURIDAD PATRIMONIAL;245;;SI;NO;MTS2 sin FTE
COP;SISTEMAS;120,4;;SI;NO;MTS2 sin FTE
COP;DISTRIBUIDORES DOMICILIARIOS SDI;1841,2;100,58;SI;SI;OK - Tiene MTS2 y FTE
COR;ADMINISTRACION OP AG;;2,1;NO;SI;FTE sin MTS2
COR;ADMINISTRACION OP AS;;2;NO;SI;FTE sin MTS2
COR;ADMISION DI;;1,1;NO;SI;FTE sin MTS2
COR;ARMADO SP;;0,2;NO;SI;FTE sin MTS2
COR;ASUNTOS INSTITUCIONALES;;2;NO;SI;FTE sin MTS2
COR;CALIDAD Y DIR TECNICA GLOBAL;;1;NO;SI;FTE sin MTS2
COR;COMERCIALES;;2;NO;SI;FTE sin MTS2
COR;DISTRIBUIDORES DOMICILIARIOS SDI;;18;NO;SI;FTE sin MTS2
COR;ESTRATEGIA TRANSPORTE;;1;NO;SI;FTE sin MTS2
COR;INGENIERIA DE SOFTWARE;;3;NO;SI;FTE sin MTS2
COR;INPLANT RECURSOS HUMANOS;;2;NO;SI;FTE sin MTS2
COR;MAILROOM SE;;5;NO;SI;FTE sin MTS2
COR;OPERACIONES POSTAL SDI;;3;NO;SI;FTE sin MTS2
COR;PROGRAMACION SP;;1,25;NO;SI;FTE sin MTS2
COR;RECEPCION SP;;0,1;NO;SI;FTE sin MTS2
COR;RENDICION DI;;0,2;NO;SI;FTE sin MTS2
COR;SEGURIDAD E HIGIENE;;1;NO;SI;FTE sin MTS2
COR;DISTRIBUCION SP;200;;SI;NO;MTS2 sin FTE
COR;RRHH;372;;SI;NO;MTS2 sin FTE
COR;SISTEMAS;384;;SI;NO;MTS2 sin FTE
COR;FLOTA PROPIA CAMIONETA;;3;NO;SI;OK - Sin mts2
COR;FLOTA PROPIA MOTO;;1;NO;SI;OK - Sin mts2
COR;ADMINISTRACION OP DI;1584;1,2;SI;SI;OK - Tiene MTS2 y FTE
COR;ADMINISTRACION OP SP;936;1,15;SI;SI;OK - Tiene MTS2 y FTE
COR;ALMACENAMIENTO AG;39881,56;2,2;SI;SI;OK - Tiene MTS2 y FTE
COR;ALMACENAMIENTO AS;83591,24;1;SI;SI;OK - Tiene MTS2 y FTE
COR;CALIDAD Y DIR TECNICA;312;2,63;SI;SI;OK - Tiene MTS2 y FTE
COR;CLASIFICACION DI;187,2;1;SI;SI;OK - Tiene MTS2 y FTE
COR;CLASIFICACION SP;144;1,85;SI;SI;OK - Tiene MTS2 y FTE
COR;DISTRIBUCION DI;17108,8;13,33;SI;SI;OK - Tiene MTS2 y FTE
COR;INGRESO AG;4944,27;2,65;SI;SI;OK - Tiene MTS2 y FTE
COR;INGRESO AS;12479,73;6,3;SI;SI;OK - Tiene MTS2 y FTE
COR;INGRESOS SP;336;1,35;SI;SI;OK - Tiene MTS2 y FTE
COR;MANTENIMIENTO;1440;2;SI;SI;OK - Tiene MTS2 y FTE
COR;PICKING AG;4394,17;2,2;SI;SI;OK - Tiene MTS2 y FTE
COR;PICKING AS;4421,04;4,8;SI;SI;OK - Tiene MTS2 y FTE
COR;RENDICION SP;240;0,35;SI;SI;OK - Tiene MTS2 y FTE
CRD;ADMINISTRACION OP SP;;0,4;NO;SI;FTE sin MTS2
CRD;ADMISION DI;;0,69;NO;SI;FTE sin MTS2
CRD;IMPOSICION DI;;0,55;NO;SI;FTE sin MTS2
CRD;LIMPIEZA;;1;NO;SI;FTE sin MTS2
CRD;RENDICION DI;;0,55;NO;SI;FTE sin MTS2
CRD;TRONCAL AEREO DI;;0,4;NO;SI;FTE sin MTS2
CRD;TRONCAL TERRESTRE DI;;0,4;NO;SI;FTE sin MTS2
CRD;DISTRIBUCION SP;2472;;SI;NO;MTS2 sin FTE
CRD;FLOTA PROPIA CAMIONETA;;3;NO;SI;OK - Sin mts2
CRD;ADMINISTRACION OP AS;144;1,05;SI;SI;OK - Tiene MTS2 y FTE
CRD;ADMINISTRACION OP DI;247,2;1,05;SI;SI;OK - Tiene MTS2 y FTE
CRD;ALMACENAMIENTO AS;19644;0,83;SI;SI;OK - Tiene MTS2 y FTE
CRD;CALIDAD Y DIR TECNICA;1008;1;SI;SI;OK - Tiene MTS2 y FTE
CRD;CLASIFICACION DI;2028;0,67;SI;SI;OK - Tiene MTS2 y FTE
CRD;DISTRIBUCION DI;7024,8;2,74;SI;SI;OK - Tiene MTS2 y FTE
CRD;INGRESO AS;1920;1,33;SI;SI;OK - Tiene MTS2 y FTE
CRD;PICKING AS;2736;1,34;SI;SI;OK - Tiene MTS2 y FTE
CRJ;OPERACIONES POSTAL SDI;;2;NO;SI;FTE sin MTS2
CRJ;ADMINISTRACION OP SP;55,44;;SI;NO;MTS2 sin FTE
CRJ;CLASIFICACION SP;210;;SI;NO;MTS2 sin FTE
CRJ;DISTRIBUCION DI;49,6;;SI;NO;MTS2 sin FTE
CRJ;DISTRIBUCION SP;248;;SI;NO;MTS2 sin FTE
CRJ;DISTRIBUIDORES DOMICILIARIOS SDI;49,6;;SI;NO;MTS2 sin FTE
CRJ;INGRESOS SP;56;;SI;NO;MTS2 sin FTE
CRJ;RECEPCION SP;179,2;;SI;NO;MTS2 sin FTE
CRJ;RENDICION SP;55,44;;SI;NO;MTS2 sin FTE
CSI;ADMINISTRACION OP AG;;4,47;NO;SI;FTE sin MTS2
CSI;ALMACENAMIENTO AG;;35,43;NO;SI;FTE sin MTS2
CSI;CALIDAD Y DIR TECNICA;;0,97;NO;SI;FTE sin MTS2
CSI;MANTENIMIENTO;;2;NO;SI;FTE sin MTS2
CTC;ADMINISTRACION OP DI;;1,9;NO;SI;FTE sin MTS2
CTC;RENDICION SP;;0,1;NO;SI;FTE sin MTS2
CTC;ADMISION DI;720;;SI;NO;MTS2 sin FTE
CTC;CLASIFICACION DI;4637,76;;SI;NO;MTS2 sin FTE
CTC;CLASIFICACION SP;2664;;SI;NO;MTS2 sin FTE
CTC;DISTRIBUCION SP;2328;;SI;NO;MTS2 sin FTE
CTC;IMPOSICION DI;555,42;;SI;NO;MTS2 sin FTE
CTC;DISTRIBUCION DI;5745,07;3;SI;SI;OK - Tiene MTS2 y FTE
EEV;ADMINISTRACION OP XD;;15;NO;SI;FTE sin MTS2
EEV;CALIDAD Y DIR TECNICA GLOBAL;;1;NO;SI;FTE sin MTS2
EEV;INPLANT RECURSOS HUMANOS;;2;NO;SI;FTE sin MTS2
EEV;MANTENIMIENTO;;4;NO;SI;FTE sin MTS2
EEV;CROSS DOCK MELI SE;714000;227,38;SI;SI;OK - Tiene MTS2 y FTE
EQS;CALIDAD Y DIR TECNICA;;1;NO;SI;FTE sin MTS2
EQS;LIMPIEZA;;1;NO;SI;FTE sin MTS2
EQS;RENDICION DI;;0,35;NO;SI;FTE sin MTS2
EQS;ADMINISTRACION OP DI;864;;SI;NO;MTS2 sin FTE
EQS;ADMISION DI;3432;;SI;NO;MTS2 sin FTE
EQS;ADMINISTRACION OP AS;864;1,6;SI;SI;OK - Tiene MTS2 y FTE
EQS;ALMACENAMIENTO AS;15720,96;1;SI;SI;OK - Tiene MTS2 y FTE
EQS;CLASIFICACION DI;1296;0,2;SI;SI;OK - Tiene MTS2 y FTE
EQS;DISTRIBUCION DI;6859,2;1,2;SI;SI;OK - Tiene MTS2 y FTE
EQS;IMPOSICION DI;369,6;0,25;SI;SI;OK - Tiene MTS2 y FTE
EQS;INGRESO AS;4003,2;0,7;SI;SI;OK - Tiene MTS2 y FTE
EQS;PICKING AS;1280,64;0,7;SI;SI;OK - Tiene MTS2 y FTE
EZE;NACIONALIZACIONES LYTESA SE;;3;NO;SI;FTE sin MTS2
EZE;OPER LIFE SCIENCE USA;;5;NO;SI;FTE sin MTS2
EZE;INTERNACIONAL DI;2544;1;SI;SI;OK - Tiene MTS2 y FTE
FCO;ADMINISTRACION OP SP;;0,05;NO;SI;FTE sin MTS2
FCO;ADMISION DI;;0,2;NO;SI;FTE sin MTS2
FCO;DISTRIBUIDORES DOMICILIARIOS SDI;;2;NO;SI;FTE sin MTS2
FCO;CLASIFICACION DI;1536;;SI;NO;MTS2 sin FTE
FCO;DISTRIBUCION SP;1100;;SI;NO;MTS2 sin FTE
FCO;FLOTA PROPIA CAMIONETA;;1;NO;SI;OK - Sin mts2
FCO;ADMINISTRACION OP DI;576;0,98;SI;SI;OK - Tiene MTS2 y FTE
FCO;DISTRIBUCION DI;1036;1,17;SI;SI;OK - Tiene MTS2 y FTE
FCO;IMPOSICION DI;660;0,1;SI;SI;OK - Tiene MTS2 y FTE
FCO;RENDICION DI;660;0,3;SI;SI;OK - Tiene MTS2 y FTE
FCO;TRONCAL TERRESTRE DI;1056;0,2;SI;SI;OK - Tiene MTS2 y FTE
FLO;RECEPCION SP;;1,5;NO;SI;FTE sin MTS2
FLO;RENDICION SP;;0,5;NO;SI;FTE sin MTS2
FLO;ADMINISTRACION OP SP;1097,09;;SI;NO;MTS2 sin FTE
FLO;DISTRIBUCION SP;1147,97;7,76;SI;SI;OK - Tiene MTS2 y FTE
FMA;ADMINISTRACION OP SP;;1,85;NO;SI;FTE sin MTS2
FMA;ADMISION DI;;0,5;NO;SI;FTE sin MTS2
FMA;ARMADO SP;;0,25;NO;SI;FTE sin MTS2
FMA;CLASIFICACION SP;;1,55;NO;SI;FTE sin MTS2
FMA;IMPOSICION DI;;0,45;NO;SI;FTE sin MTS2
FMA;INGRESOS SP;;0,1;NO;SI;FTE sin MTS2
FMA;MAILROOM SE;;1,01;NO;SI;FTE sin MTS2
FMA;PROGRAMACION SP;;3,2;NO;SI;FTE sin MTS2
FMA;RECEPCION SP;;0,2;NO;SI;FTE sin MTS2
FMA;RENDICION DI;;0,5;NO;SI;FTE sin MTS2
FMA;RENDICION SP;;0,65;NO;SI;FTE sin MTS2
FMA;TRONCAL AEREO DI;;0,2;NO;SI;FTE sin MTS2
FMA;TRONCAL TERRESTRE DI;;0,6;NO;SI;FTE sin MTS2
FMA;FLOTA PROPIA CAMIONETA;;4,81;NO;SI;OK - Sin mts2
FMA;FLOTA PROPIA MOTO;;2;NO;SI;OK - Sin mts2
FMA;ADMINISTRACION OP DI;1872;0,89;SI;SI;OK - Tiene MTS2 y FTE
FMA;CLASIFICACION DI;12984;1,1;SI;SI;OK - Tiene MTS2 y FTE
FMA;DISTRIBUCION DI;2817,6;3,15;SI;SI;OK - Tiene MTS2 y FTE
FMA;DISTRIBUCION SP;5184;12,8;SI;SI;OK - Tiene MTS2 y FTE
IRI;AUDITORIA OPERATIVA;;0,25;NO;SI;FTE sin MTS2
IRI;CONTROL GESTION OP;;1;NO;SI;FTE sin MTS2
IRI;CUSTOMER INTELLIGENT;;1;NO;SI;FTE sin MTS2
IRI;IMPLEMENTACION;;1;NO;SI;FTE sin MTS2
IRI;IMPLEMENTACION OP;;1;NO;SI;FTE sin MTS2
IRI;INGENIERIA LOGISTICA OP;;9;NO;SI;FTE sin MTS2
IRI;INPLANT INF Y TECNOLOG;;1;NO;SI;FTE sin MTS2
IRI;INPLANT RECURSOS HUMANOS;;1;NO;SI;FTE sin MTS2
IRI;INTERNACIONAL ADM DI;;6;NO;SI;FTE sin MTS2
IRI;MAILROOM SE;;27,3;NO;SI;FTE sin MTS2
IRI;NACIONALIZACIONES LYTESA SE;;2;NO;SI;FTE sin MTS2
IRI;OBRAS CIVILES;;0,77;NO;SI;FTE sin MTS2
IRI;OPER LIFE SCIENCE USA;;40,24;NO;SI;FTE sin MTS2
IRI;SEGURIDAD E HIGIENE;;1;NO;SI;FTE sin MTS2
IRI;TRONCAL AEREO DI;;0,3;NO;SI;FTE sin MTS2
IRI;ARMADO SP;2241,67;;SI;NO;MTS2 sin FTE
IRI;ESPACIOS CEDIDOS AG;14148,96;;SI;NO;MTS2 sin FTE
IRI;ESPACIOS CEDIDOS AS;4908;;SI;NO;MTS2 sin FTE
IRI;ESPACIOS CEDIDOS SE;35325,72;;SI;NO;MTS2 sin FTE
IRI;PLANEAMIENTO;936;;SI;NO;MTS2 sin FTE
IRI;RRHH;312;;SI;NO;MTS2 sin FTE
IRI;SISTEMAS;2306,85;;SI;NO;MTS2 sin FTE
IRI;FLOTA PROPIA CAMIONETA;;16;NO;SI;OK - Sin mts2
IRI;FLOTA PROPIA MOTO;;1;NO;SI;OK - Sin mts2
IRI;ADMINISTRACION OP AG;768;2,3;SI;SI;OK - Tiene MTS2 y FTE
IRI;ADMINISTRACION OP AS;2904;6,2;SI;SI;OK - Tiene MTS2 y FTE
IRI;ADMINISTRACION OP DI;3384;3,1;SI;SI;OK - Tiene MTS2 y FTE
IRI;ADMINISTRACION OP SP;2808,09;10,9;SI;SI;OK - Tiene MTS2 y FTE
IRI;ADMISION DI;6480;4,7;SI;SI;OK - Tiene MTS2 y FTE
IRI;ALMACENAMIENTO AG;19632;0,8;SI;SI;OK - Tiene MTS2 y FTE
IRI;ALMACENAMIENTO AS;90912;8,97;SI;SI;OK - Tiene MTS2 y FTE
IRI;CALIDAD Y DIR TECNICA;2328;7,25;SI;SI;OK - Tiene MTS2 y FTE
IRI;CLASIFICACION DI;16824;3,08;SI;SI;OK - Tiene MTS2 y FTE
IRI;CLASIFICACION SP;7076,13;12,1;SI;SI;OK - Tiene MTS2 y FTE
IRI;CUSTOMER EXPERIENCE;9083,94;26,3;SI;SI;OK - Tiene MTS2 y FTE
IRI;DISTRIBUCION DI;82545,22;19,88;SI;SI;OK - Tiene MTS2 y FTE
IRI;DISTRIBUCION SP;10801,3;11,81;SI;SI;OK - Tiene MTS2 y FTE
IRI;GUARDA SP;1490,47;2;SI;SI;OK - Tiene MTS2 y FTE
IRI;IMPOSICION DI;3336;3,8;SI;SI;OK - Tiene MTS2 y FTE
IRI;INGRESO AG;7555,2;0,7;SI;SI;OK - Tiene MTS2 y FTE
IRI;INGRESO AS;30355,2;8,99;SI;SI;OK - Tiene MTS2 y FTE
IRI;INGRESOS SP;5937,74;5,7;SI;SI;OK - Tiene MTS2 y FTE
IRI;INNOVACION;1008;3;SI;SI;OK - Tiene MTS2 y FTE
IRI;INTERNACIONAL DI;10368;6;SI;SI;OK - Tiene MTS2 y FTE
IRI;LIMPIEZA;168;2,25;SI;SI;OK - Tiene MTS2 y FTE
IRI;MANTENIMIENTO;6843,24;13;SI;SI;OK - Tiene MTS2 y FTE
IRI;MEJORA CONTINUA;840;3;SI;SI;OK - Tiene MTS2 y FTE
IRI;PICKING AG;2496;2,2;SI;SI;OK - Tiene MTS2 y FTE
IRI;PICKING AS;5808;12,84;SI;SI;OK - Tiene MTS2 y FTE
IRI;PROGRAMACION DI;16273,39;24,5;SI;SI;OK - Tiene MTS2 y FTE
IRI;PROGRAMACION SP;6471,7;8,3;SI;SI;OK - Tiene MTS2 y FTE
IRI;RECEPCION SP;4461,44;8,2;SI;SI;OK - Tiene MTS2 y FTE
IRI;RENDICION DI;506;4,91;SI;SI;OK - Tiene MTS2 y FTE
IRI;RENDICION SP;3080,69;9,8;SI;SI;OK - Tiene MTS2 y FTE
IRI;SEGURIDAD PATRIMONIAL;864;18,25;SI;SI;OK - Tiene MTS2 y FTE
IRI;TRONCAL TERRESTRE DI;6456;0,4;SI;SI;OK - Tiene MTS2 y FTE
IRJ;ADMINISTRACION OP DI;;0,9;NO;SI;FTE sin MTS2
IRJ;IMPOSICION DI;;0,3;NO;SI;FTE sin MTS2
IRJ;INTERNACIONAL DI;;0,3;NO;SI;FTE sin MTS2
IRJ;RENDICION DI;;0,3;NO;SI;FTE sin MTS2
IRJ;TRONCAL AEREO DI;;0,3;NO;SI;FTE sin MTS2
IRJ;DISTRIBUCION DI;4608;;SI;NO;MTS2 sin FTE
IRJ;ADMISION DI;672;0,3;SI;SI;OK - Tiene MTS2 y FTE
IRJ;CLASIFICACION DI;6936;0,3;SI;SI;OK - Tiene MTS2 y FTE
IRJ;TRONCAL TERRESTRE DI;672;0,3;SI;SI;OK - Tiene MTS2 y FTE
JMA;OPERACIONES POSTAL SDI;;1;NO;SI;FTE sin MTS2
JMA;ADMINISTRACION OP SP;189;;SI;NO;MTS2 sin FTE
JMA;ARMADO SP;189;;SI;NO;MTS2 sin FTE
JMA;DISTRIBUCION DI;79;;SI;NO;MTS2 sin FTE
JMA;DISTRIBUCION SP;395;;SI;NO;MTS2 sin FTE
JMA;INGRESOS SP;343;;SI;NO;MTS2 sin FTE
JMA;RENDICION SP;189;;SI;NO;MTS2 sin FTE
JMA;DISTRIBUIDORES DOMICILIARIOS SDI;79;3;SI;SI;OK - Tiene MTS2 y FTE
JUJ;ADMINISTRACION OP DI;;0,68;NO;SI;FTE sin MTS2
JUJ;ADMINISTRACION OP SP;;0,2;NO;SI;FTE sin MTS2
JUJ;IMPOSICION DI;;0,7;NO;SI;FTE sin MTS2
JUJ;MAILROOM SE;;1,02;NO;SI;FTE sin MTS2
JUJ;RENDICION DI;;0,7;NO;SI;FTE sin MTS2
JUJ;RENDICION SP;;0,1;NO;SI;FTE sin MTS2
JUJ;TRONCAL AEREO DI;;0,2;NO;SI;FTE sin MTS2
JUJ;CLASIFICACION SP;552;;SI;NO;MTS2 sin FTE
JUJ;DISTRIBUCION SP;640;;SI;NO;MTS2 sin FTE
JUJ;FLOTA PROPIA MOTO;;1;NO;SI;OK - Sin mts2
JUJ;CLASIFICACION DI;2208;1,2;SI;SI;OK - Tiene MTS2 y FTE
JUJ;DISTRIBUCION DI;2076,8;5;SI;SI;OK - Tiene MTS2 y FTE
JUJ;TRONCAL TERRESTRE DI;2160;0,2;SI;SI;OK - Tiene MTS2 y FTE
LCA;ADMINISTRACION OP SP;;0,05;NO;SI;FTE sin MTS2
LCA;IMPOSICION DI;;0,1;NO;SI;FTE sin MTS2
LCA;OPERACIONES POSTAL SDI;;0,57;NO;SI;FTE sin MTS2
LCA;RECEPCION SP;;0,05;NO;SI;FTE sin MTS2
LCA;RENDICION DI;;0,3;NO;SI;FTE sin MTS2
LCA;RENDICION SP;;0,05;NO;SI;FTE sin MTS2
LCA;DISTRIBUCION SP;480;;SI;NO;MTS2 sin FTE
LCA;ADMINISTRACION OP DI;624;0,95;SI;SI;OK - Tiene MTS2 y FTE
LCA;ADMISION DI;7680;0,7;SI;SI;OK - Tiene MTS2 y FTE
LCA;CLASIFICACION DI;6240;0,9;SI;SI;OK - Tiene MTS2 y FTE
LCA;DISTRIBUCION DI;12240;0,6;SI;SI;OK - Tiene MTS2 y FTE
LCA;TRONCAL TERRESTRE DI;10872;0,3;SI;SI;OK - Tiene MTS2 y FTE
LUQ;ADMINISTRACION OP SP;;0,1;NO;SI;FTE sin MTS2
LUQ;ADMISION DI;;1,1;NO;SI;FTE sin MTS2
LUQ;IMPOSICION DI;;0,1;NO;SI;FTE sin MTS2
LUQ;RENDICION SP;;0,1;NO;SI;FTE sin MTS2
LUQ;TRONCAL TERRESTRE DI;;0,2;NO;SI;FTE sin MTS2
LUQ;DISTRIBUCION SP;140;;SI;NO;MTS2 sin FTE
LUQ;ADMINISTRACION OP DI;5090,67;0,9;SI;SI;OK - Tiene MTS2 y FTE
LUQ;CLASIFICACION DI;8546,67;1,2;SI;SI;OK - Tiene MTS2 y FTE
LUQ;DISTRIBUCION DI;6726,67;3,25;SI;SI;OK - Tiene MTS2 y FTE
MDQ;IMPOSICION DI;;0,5;NO;SI;FTE sin MTS2
MDQ;RENDICION DI;;0,6;NO;SI;FTE sin MTS2
MDQ;RENDICION SP;;0,4;NO;SI;FTE sin MTS2
MDQ;TRONCAL TERRESTRE DI;;0,8;NO;SI;FTE sin MTS2
MDQ;DISTRIBUCION SP;1200;;SI;NO;MTS2 sin FTE
MDQ;FLOTA PROPIA CAMIONETA;;1;NO;SI;OK - Sin mts2
MDQ;ADMINISTRACION OP DI;3340;1;SI;SI;OK - Tiene MTS2 y FTE
MDQ;ADMISION DI;3508;0,6;SI;SI;OK - Tiene MTS2 y FTE
MDQ;CLASIFICACION DI;15292;1,25;SI;SI;OK - Tiene MTS2 y FTE
MDQ;DISTRIBUCION DI;8644;6,33;SI;SI;OK - Tiene MTS2 y FTE
MDZ;COMERCIALES;;1;NO;SI;FTE sin MTS2
MDZ;MAILROOM SE;;1;NO;SI;FTE sin MTS2
MDZ;PICKING AG;;0,2;NO;SI;FTE sin MTS2
MDZ;RENDICION SP;;0,3;NO;SI;FTE sin MTS2
MDZ;TRONCAL AEREO DI;;0,2;NO;SI;FTE sin MTS2
MDZ;ALMACENAMIENTO AG;10368;;SI;NO;MTS2 sin FTE
MDZ;DISTRIBUCION SP;616;;SI;NO;MTS2 sin FTE
MDZ;FLOTA PROPIA CAMIONETA;;2;NO;SI;OK - Sin mts2
MDZ;FLOTA PROPIA MOTO;;2;NO;SI;OK - Sin mts2
MDZ;ADMINISTRACION OP DI;7192;2,1;SI;SI;OK - Tiene MTS2 y FTE
MDZ;ADMISION DI;4220;2,1;SI;SI;OK - Tiene MTS2 y FTE
MDZ;CLASIFICACION DI;20280;2,2;SI;SI;OK - Tiene MTS2 y FTE
MDZ;DISTRIBUCION DI;33192;8,3;SI;SI;OK - Tiene MTS2 y FTE
MDZ;RENDICION DI;3592;0,1;SI;SI;OK - Tiene MTS2 y FTE
MDZ;TRONCAL TERRESTRE DI;6888;0,4;SI;SI;OK - Tiene MTS2 y FTE
MNR;CONSULTORIA SE;;7;NO;SI;FTE sin MTS2
MV2;CALIDAD Y DIR TECNICA;;1;NO;SI;FTE sin MTS2
MV2;CALIDAD Y DIR TECNICA GLOBAL;;2;NO;SI;FTE sin MTS2
MV2;FULLFILMENT SE;;3;NO;SI;FTE sin MTS2
MV2;INPLANT RECURSOS HUMANOS;;1;NO;SI;FTE sin MTS2
MV2;MANTENIMIENTO;;6,62;NO;SI;FTE sin MTS2
MV2;NACIONALIZACIONES LYTESA SE;;1;NO;SI;FTE sin MTS2
MV2;PROGRAMACION DI;;0,3;NO;SI;FTE sin MTS2
MV2;SEGURIDAD E HIGIENE;;0,13;NO;SI;FTE sin MTS2
MV2;ESPACIOS CEDIDOS SE;12739,63;;SI;NO;MTS2 sin FTE
MV2;RRHH;172,8;;SI;NO;MTS2 sin FTE
MV2;ADMINISTRACION OP AG;13285,2;6,3;SI;SI;OK - Tiene MTS2 y FTE
MV2;ADMINISTRACION OP AS;10272;6,4;SI;SI;OK - Tiene MTS2 y FTE
MV2;ADMINISTRACION OP DI;1602,72;3,9;SI;SI;OK - Tiene MTS2 y FTE
MV2;ADMISION DI;6678;0,5;SI;SI;OK - Tiene MTS2 y FTE
MV2;ALMACENAMIENTO AG;668544;33,08;SI;SI;OK - Tiene MTS2 y FTE
MV2;ALMACENAMIENTO AS;169584;2;SI;SI;OK - Tiene MTS2 y FTE
MV2;CLASIFICACION DI;20539,2;3,7;SI;SI;OK - Tiene MTS2 y FTE
MV2;CONSULTORIA SE;21091,2;29;SI;SI;OK - Tiene MTS2 y FTE
MV2;DISTRIBUCION DI;50970,72;14,14;SI;SI;OK - Tiene MTS2 y FTE
MV2;EMBALAJE SE;27825,6;7;SI;SI;OK - Tiene MTS2 y FTE
MV2;IMPOSICION DI;14424,48;3,6;SI;SI;OK - Tiene MTS2 y FTE
MV2;INGRESO AG;60751,2;3,25;SI;SI;OK - Tiene MTS2 y FTE
MV2;INGRESO AS;47424;1,4;SI;SI;OK - Tiene MTS2 y FTE
MV2;PICKING AG;59772;8,2;SI;SI;OK - Tiene MTS2 y FTE
MV2;PICKING AS;7104;9,1;SI;SI;OK - Tiene MTS2 y FTE
MV2;RENDICION DI;4006,8;0,5;SI;SI;OK - Tiene MTS2 y FTE
MV2;TRONCAL TERRESTRE DI;8144,4;0,2;SI;SI;OK - Tiene MTS2 y FTE
MVA;CONSULTORIA SE;269634;;SI;NO;MTS2 sin FTE
NAC;ADMINISTRACION OP AG;;1,2;NO;SI;FTE sin MTS2
NAC;ADMINISTRACION OP AS;;1,2;NO;SI;FTE sin MTS2
NAC;ADMINISTRACION OP DI;;4,2;NO;SI;FTE sin MTS2
NAC;ADMINISTRACION OP SP;;1;NO;SI;FTE sin MTS2
NAC;ADMINISTRACION OP XD;;0,2;NO;SI;FTE sin MTS2
NAC;MAILROOM SE;;0,2;NO;SI;FTE sin MTS2
NQN;ADMINISTRACION OP SP;;1,25;NO;SI;FTE sin MTS2
NQN;DISTRIBUCION SP;422,4;;SI;NO;MTS2 sin FTE
NQN;IMPOSICION DI;236,95;;SI;NO;MTS2 sin FTE
NQN;INGRESOS SP;421,2;;SI;NO;MTS2 sin FTE
NQN;RECEPCION SP;84,96;;SI;NO;MTS2 sin FTE
NQN;RENDICION DI;2202,94;;SI;NO;MTS2 sin FTE
NQN;FLOTA PROPIA CAMIONETA;;1;NO;SI;OK - Sin mts2
NQN;FLOTA PROPIA MOTO;;1;NO;SI;OK - Sin mts2
NQN;ADMINISTRACION OP DI;2165,92;1,25;SI;SI;OK - Tiene MTS2 y FTE
NQN;ADMISION DI;9237,54;1,4;SI;SI;OK - Tiene MTS2 y FTE
NQN;ARMADO SP;84,24;0,25;SI;SI;OK - Tiene MTS2 y FTE
NQN;CLASIFICACION DI;14083,36;1,4;SI;SI;OK - Tiene MTS2 y FTE
NQN;CLASIFICACION SP;61,44;0,25;SI;SI;OK - Tiene MTS2 y FTE
NQN;DISTRIBUCION DI;15331,06;3,93;SI;SI;OK - Tiene MTS2 y FTE
NQN;RENDICION SP;842,4;0,25;SI;SI;OK - Tiene MTS2 y FTE
NQN;TRONCAL AEREO DI;990,86;0,1;SI;SI;OK - Tiene MTS2 y FTE
NQN;TRONCAL TERRESTRE DI;1981,72;0,4;SI;SI;OK - Tiene MTS2 y FTE
PIL;CALIDAD Y DIR TECNICA GLOBAL;;1;NO;SI;FTE sin MTS2
PIL;INPLANT RECURSOS HUMANOS;;1;NO;SI;FTE sin MTS2
PIL;MANTENIMIENTO;;1,95;NO;SI;FTE sin MTS2
PIL;PICKING AG;;1;NO;SI;FTE sin MTS2
PIL;ADMINISTRACION OP AG;3150;44;SI;SI;OK - Tiene MTS2 y FTE
PIL;ALMACENAMIENTO AG;1976142;4,86;SI;SI;OK - Tiene MTS2 y FTE
PLO;ADMINISTRACION OP AS;;5;NO;SI;FTE sin MTS2
PLO;ADMISION DI;;7,65;NO;SI;FTE sin MTS2
PLO;CALIDAD Y DIR TECNICA GLOBAL;;2;NO;SI;FTE sin MTS2
PLO;COMERCIALES;;3;NO;SI;FTE sin MTS2
PLO;CONTROL GESTION OP;;14;NO;SI;FTE sin MTS2
PLO;CUSTOMER SUCCESS;;1;NO;SI;FTE sin MTS2
PLO;ESTRATEGIA TRANSPORTE;;1;NO;SI;FTE sin MTS2
PLO;INGRESO AS;;1,33;NO;SI;FTE sin MTS2
PLO;INPLANT INF Y TECNOLOG;;3;NO;SI;FTE sin MTS2
PLO;INPLANT RECURSOS HUMANOS;;11,62;NO;SI;FTE sin MTS2
PLO;LIMPIEZA;;1;NO;SI;FTE sin MTS2
PLO;PICKING AS;;0,83;NO;SI;FTE sin MTS2
PLO;SEGURIDAD E HIGIENE;;2;NO;SI;FTE sin MTS2
PLO;SEGURIDAD PATRIMONIAL;;3;NO;SI;FTE sin MTS2
PLO;TRONCAL TERRESTRE DI;;3,55;NO;SI;FTE sin MTS2
PLO;CALIDAD Y DIR TECNICA;126,88;;SI;NO;MTS2 sin FTE
PLO;COMERCIAL;164,92;;SI;NO;MTS2 sin FTE
PLO;OBRAS CIVILES;281,02;;SI;NO;MTS2 sin FTE
PLO;RRHH;1932,53;;SI;NO;MTS2 sin FTE
PLO;FLOTA PROPIA CAMIONETA;;12,27;NO;SI;OK - Sin mts2
PLO;ADMINISTRACION OP DI;7028,83;7,8;SI;SI;OK - Tiene MTS2 y FTE
PLO;ADMINISTRACION OP XD;7200,05;34,43;SI;SI;OK - Tiene MTS2 y FTE
PLO;ALMACENAMIENTO AS;8751,12;0,84;SI;SI;OK - Tiene MTS2 y FTE
PLO;CLASIFICACION DI;18666;12,6;SI;SI;OK - Tiene MTS2 y FTE
PLO;CROSS DOCK MELI SE;1175217,6;672,09;SI;SI;OK - Tiene MTS2 y FTE
PLO;DISTRIBUCION DI;61430,88;46,53;SI;SI;OK - Tiene MTS2 y FTE
PLO;IMPOSICION DI;56995,68;4,75;SI;SI;OK - Tiene MTS2 y FTE
PLO;MANTENIMIENTO;1556,05;6;SI;SI;OK - Tiene MTS2 y FTE
PLO;PROGRAMACION DI;882,83;0,2;SI;SI;OK - Tiene MTS2 y FTE
PLO;RENDICION DI;7607,38;10,55;SI;SI;OK - Tiene MTS2 y FTE
PRA;CLASIFICACION SP;100,8;;SI;NO;MTS2 sin FTE
PRA;DISTRIBUCION SP;140;;SI;NO;MTS2 sin FTE
PRA;INGRESOS SP;67,2;;SI;NO;MTS2 sin FTE
PRA;RECEPCION SP;134,4;;SI;NO;MTS2 sin FTE
PRA;AYUDANTE DE FLOTA;;0,05;NO;SI;OK - Sin mts2
PRA;FLOTA PROPIA CAMIONETA;;7,14;NO;SI;OK - Sin mts2
PRA;FLOTA PROPIA MOTO;;1;NO;SI;OK - Sin mts2
PRA;ADMINISTRACION OP DI;3153,38;0,9;SI;SI;OK - Tiene MTS2 y FTE
PRA;ADMINISTRACION OP SP;134,4;0,6;SI;SI;OK - Tiene MTS2 y FTE
PRA;ADMISION DI;5764,58;0,6;SI;SI;OK - Tiene MTS2 y FTE
PRA;CLASIFICACION DI;12388,58;0,5;SI;SI;OK - Tiene MTS2 y FTE
PRA;DISTRIBUCION DI;6320,58;13,57;SI;SI;OK - Tiene MTS2 y FTE
PRA;IMPOSICION DI;2740,58;0,9;SI;SI;OK - Tiene MTS2 y FTE
PRA;RENDICION DI;3220,58;0,6;SI;SI;OK - Tiene MTS2 y FTE
PRA;RENDICION SP;134,4;0,5;SI;SI;OK - Tiene MTS2 y FTE
PRA;TRONCAL TERRESTRE DI;3796,58;0,4;SI;SI;OK - Tiene MTS2 y FTE
PSJ;ADMISION DI;607,92;;SI;NO;MTS2 sin FTE
PSJ;CLASIFICACION DI;911,88;;SI;NO;MTS2 sin FTE
PSJ;DISTRIBUCION DI;911,88;;SI;NO;MTS2 sin FTE
PSJ;IMPOSICION DI;607,92;;SI;NO;MTS2 sin FTE
PSJ;INGRESOS SP;851,09;;SI;NO;MTS2 sin FTE
PSJ;RENDICION DI;607,92;;SI;NO;MTS2 sin FTE
PSJ;RENDICION SP;668,71;;SI;NO;MTS2 sin FTE
PSJ;TRONCAL TERRESTRE DI;911,88;;SI;NO;MTS2 sin FTE
PSS;ADMINISTRACION OP SP;;0,2;NO;SI;FTE sin MTS2
PSS;MAILROOM SE;;2;NO;SI;FTE sin MTS2
PSS;CLASIFICACION SP;1991,76;;SI;NO;MTS2 sin FTE
PSS;DISTRIBUCION SP;459,8;;SI;NO;MTS2 sin FTE
PSS;INGRESOS SP;551,76;;SI;NO;MTS2 sin FTE
PSS;FLOTA PROPIA CAMIONETA;;12,38;NO;SI;OK - Sin mts2
PSS;FLOTA PROPIA MOTO;;3;NO;SI;OK - Sin mts2
PSS;ADMINISTRACION OP DI;913,2;3,2;SI;SI;OK - Tiene MTS2 y FTE
PSS;ADMISION DI;240;0,55;SI;SI;OK - Tiene MTS2 y FTE
PSS;CLASIFICACION DI;21216;1,2;SI;SI;OK - Tiene MTS2 y FTE
PSS;DISTRIBUCION DI;3751,48;5,95;SI;SI;OK - Tiene MTS2 y FTE
PSS;IMPOSICION DI;240;0,55;SI;SI;OK - Tiene MTS2 y FTE
PSS;RECEPCION SP;551,76;0,2;SI;SI;OK - Tiene MTS2 y FTE
PSS;RENDICION DI;240;0,35;SI;SI;OK - Tiene MTS2 y FTE
PSS;RENDICION SP;551,76;0,4;SI;SI;OK - Tiene MTS2 y FTE
PSS;TRONCAL AEREO DI;288;0,3;SI;SI;OK - Tiene MTS2 y FTE
PSS;TRONCAL TERRESTRE DI;288;0,1;SI;SI;OK - Tiene MTS2 y FTE
RAF;ADMINISTRACION OP SP;;0,6;NO;SI;FTE sin MTS2
RAF;RENDICION DI;;1,9;NO;SI;FTE sin MTS2
RAF;DISTRIBUCION SP;560;;SI;NO;MTS2 sin FTE
RAF;AYUDANTE DE FLOTA;;1;NO;SI;OK - Sin mts2
RAF;CLASIFICACION DI;9710,4;0,5;SI;SI;OK - Tiene MTS2 y FTE
RAF;DISTRIBUCION DI;21961,6;3,86;SI;SI;OK - Tiene MTS2 y FTE
RAW;DISTRIBUCION DI;1008;;SI;NO;MTS2 sin FTE
RCE;OPERACIONES POSTAL SDI;;2;NO;SI;FTE sin MTS2
RCE;ADMINISTRACION OP SP;392;;SI;NO;MTS2 sin FTE
RCE;ARMADO SP;210;;SI;NO;MTS2 sin FTE
RCE;CLASIFICACION SP;280;;SI;NO;MTS2 sin FTE
RCE;DISTRIBUCION DI;181,2;;SI;NO;MTS2 sin FTE
RCE;DISTRIBUCION SP;246;;SI;NO;MTS2 sin FTE
RCE;DISTRIBUIDORES DOMICILIARIOS SDI;71,2;;SI;NO;MTS2 sin FTE
RCE;GUARDA SP;168;;SI;NO;MTS2 sin FTE
RCU;ADMISION DI;;1,9;NO;SI;FTE sin MTS2
RCU;DISTRIBUIDORES DOMICILIARIOS SDI;;12,87;NO;SI;FTE sin MTS2
RCU;IMPOSICION DI;;0,8;NO;SI;FTE sin MTS2
RCU;OPERACIONES POSTAL SDI;;4;NO;SI;FTE sin MTS2
RCU;RENDICION DI;;0,5;NO;SI;FTE sin MTS2
RCU;TRONCAL TERRESTRE DI;;0,6;NO;SI;FTE sin MTS2
RCU;DISTRIBUCION SP;1920;;SI;NO;MTS2 sin FTE
RCU;ADMINISTRACION OP DI;720;1,05;SI;SI;OK - Tiene MTS2 y FTE
RCU;CLASIFICACION DI;6984;2,2;SI;SI;OK - Tiene MTS2 y FTE
RCU;DISTRIBUCION DI;37776;2,95;SI;SI;OK - Tiene MTS2 y FTE
RDI;ADMINISTRACION OP DI;;8,4;NO;SI;FTE sin MTS2
RDI;MANTENIMIENTO;;1;NO;SI;FTE sin MTS2
RDI;PROGRAMACION DI;;0,3;NO;SI;FTE sin MTS2
RDI;RENDICION DI;;0,7;NO;SI;FTE sin MTS2
RDI;TRONCAL TERRESTRE DI;;0,6;NO;SI;FTE sin MTS2
RDI;RENDICION SP;672;;SI;NO;MTS2 sin FTE
RDI;FLOTA PROPIA CAMIONETA;;2;NO;SI;OK - Sin mts2
RDI;FLOTA PROPIA MOTO;;1;NO;SI;OK - Sin mts2
RDI;ADMISION DI;47489,33;0,2;SI;SI;OK - Tiene MTS2 y FTE
RDI;CLASIFICACION DI;214335,84;9,75;SI;SI;OK - Tiene MTS2 y FTE
RDI;DISTRIBUCION DI;132039,36;17,19;SI;SI;OK - Tiene MTS2 y FTE
REL;ADMINISTRACION OP SP;;1;NO;SI;FTE sin MTS2
REL;ASUNTOS INSTITUCIONALES;;1;NO;SI;FTE sin MTS2
REL;CALIDAD Y DIR TECNICA;;1;NO;SI;FTE sin MTS2
REL;LIMPIEZA;;3,93;NO;SI;FTE sin MTS2
REL;PROGRAMACION SP;;0,1;NO;SI;FTE sin MTS2
REL;RECEPCION SP;;0,1;NO;SI;FTE sin MTS2
REL;ALMACENAMIENTO AG;6160;;SI;NO;MTS2 sin FTE
REL;CLASIFICACION SP;121,44;;SI;NO;MTS2 sin FTE
REL;DISTRIBUCION SP;235,6;;SI;NO;MTS2 sin FTE
REL;FLOTA PROPIA CAMIONETA;;4;NO;SI;OK - Sin mts2
REL;ADMINISTRACION OP AS;6036;3,2;SI;SI;OK - Tiene MTS2 y FTE
REL;ADMINISTRACION OP DI;8242,4;0,1;SI;SI;OK - Tiene MTS2 y FTE
REL;ADMISION DI;331,2;1,84;SI;SI;OK - Tiene MTS2 y FTE
REL;ALMACENAMIENTO AS;17280;3;SI;SI;OK - Tiene MTS2 y FTE
REL;CLASIFICACION DI;938,4;1,17;SI;SI;OK - Tiene MTS2 y FTE
REL;DISTRIBUCION DI;14675,12;2,1;SI;SI;OK - Tiene MTS2 y FTE
REL;IMPOSICION DI;441,6;1,26;SI;SI;OK - Tiene MTS2 y FTE
REL;INGRESO AS;17906,4;3;SI;SI;OK - Tiene MTS2 y FTE
REL;INGRESOS SP;66,24;0,2;SI;SI;OK - Tiene MTS2 y FTE
REL;PICKING AS;43008;4;SI;SI;OK - Tiene MTS2 y FTE
REL;RENDICION DI;110,4;1,13;SI;SI;OK - Tiene MTS2 y FTE
REL;RENDICION SP;55,2;0,3;SI;SI;OK - Tiene MTS2 y FTE
REL;TRONCAL AEREO DI;1380;0,55;SI;SI;OK - Tiene MTS2 y FTE
REL;TRONCAL TERRESTRE DI;1380;0,95;SI;SI;OK - Tiene MTS2 y FTE
RES;ADMINISTRACION OP SP;;0,35;NO;SI;FTE sin MTS2
RES;ADMISION DI;;1,55;NO;SI;FTE sin MTS2
RES;RENDICION DI;;1,05;NO;SI;FTE sin MTS2
RES;RENDICION SP;;0,05;NO;SI;FTE sin MTS2
RES;TRONCAL AEREO DI;;0,35;NO;SI;FTE sin MTS2
RES;ALMACENAMIENTO AG;5712;;SI;NO;MTS2 sin FTE
RES;DISTRIBUCION SP;480;;SI;NO;MTS2 sin FTE
RES;ADMINISTRACION OP DI;1897,44;2,65;SI;SI;OK - Tiene MTS2 y FTE
RES;CLASIFICACION DI;16630,56;2;SI;SI;OK - Tiene MTS2 y FTE
RES;DISTRIBUCION DI;15192;10,1;SI;SI;OK - Tiene MTS2 y FTE
RES;IMPOSICION DI;1896;0,4;SI;SI;OK - Tiene MTS2 y FTE
RES;TRONCAL TERRESTRE DI;14232;0,5;SI;SI;OK - Tiene MTS2 y FTE
RGA;ADMINISTRACION OP SP;362,88;;SI;NO;MTS2 sin FTE
RGA;ADMISION DI;117,94;;SI;NO;MTS2 sin FTE
RGA;CLASIFICACION DI;117,94;;SI;NO;MTS2 sin FTE
RGA;CLASIFICACION SP;92,66;;SI;NO;MTS2 sin FTE
RGA;DISTRIBUCION SP;205,92;;SI;NO;MTS2 sin FTE
RGA;IMPOSICION DI;78,62;;SI;NO;MTS2 sin FTE
RGA;INGRESOS SP;92,66;;SI;NO;MTS2 sin FTE
RGA;RECEPCION SP;123,55;;SI;NO;MTS2 sin FTE
RGA;RENDICION DI;78,62;;SI;NO;MTS2 sin FTE
RGA;RENDICION SP;61,78;;SI;NO;MTS2 sin FTE
RGA;TRONCAL AEREO DI;117,94;;SI;NO;MTS2 sin FTE
RGA;TRONCAL TERRESTRE DI;157,25;;SI;NO;MTS2 sin FTE
RGA;ADMINISTRACION OP DI;362,88;1;SI;SI;OK - Tiene MTS2 y FTE
RGA;DISTRIBUCION DI;159,12;1;SI;SI;OK - Tiene MTS2 y FTE
RGL;ADMINISTRACION OP SP;;0,4;NO;SI;FTE sin MTS2
RGL;ADMISION DI;;0,2;NO;SI;FTE sin MTS2
RGL;IMPOSICION DI;;0,2;NO;SI;FTE sin MTS2
RGL;MAILROOM SE;;0,1;NO;SI;FTE sin MTS2
RGL;RECEPCION SP;;0,2;NO;SI;FTE sin MTS2
RGL;RENDICION DI;;0,2;NO;SI;FTE sin MTS2
RGL;RENDICION SP;;0,2;NO;SI;FTE sin MTS2
RGL;TRONCAL AEREO DI;;0,2;NO;SI;FTE sin MTS2
RGL;TRONCAL TERRESTRE DI;;0,2;NO;SI;FTE sin MTS2
RGL;ADMINISTRACION OP AG;288,6;;SI;NO;MTS2 sin FTE
RGL;ADMINISTRACION OP AS;288,6;;SI;NO;MTS2 sin FTE
RGL;ALMACENAMIENTO AG;1304,16;;SI;NO;MTS2 sin FTE
RGL;ALMACENAMIENTO AS;105,51;;SI;NO;MTS2 sin FTE
RGL;CLASIFICACION DI;2697,78;;SI;NO;MTS2 sin FTE
RGL;INGRESO AG;198;;SI;NO;MTS2 sin FTE
RGL;INGRESO AS;49,5;;SI;NO;MTS2 sin FTE
RGL;PICKING AG;232,41;;SI;NO;MTS2 sin FTE
RGL;PICKING AS;22;;SI;NO;MTS2 sin FTE
RGL;FLOTA PROPIA CAMIONETA;;3;NO;SI;OK - Sin mts2
RGL;ADMINISTRACION OP DI;872,6;0,9;SI;SI;OK - Tiene MTS2 y FTE
RGL;DISTRIBUCION DI;965,36;1,2;SI;SI;OK - Tiene MTS2 y FTE
ROS;ADMINISTRACION OP AG;;1,2;NO;SI;FTE sin MTS2
ROS;ADMINISTRACION OP SP;;1,4;NO;SI;FTE sin MTS2
ROS;CLASIFICACION SP;;0,4;NO;SI;FTE sin MTS2
ROS;COMERCIALES;;1;NO;SI;FTE sin MTS2
ROS;ESTRATEGIA TRANSPORTE;;1;NO;SI;FTE sin MTS2
ROS;INGRESO AG;;0,3;NO;SI;FTE sin MTS2
ROS;INPLANT RECURSOS HUMANOS;;1;NO;SI;FTE sin MTS2
ROS;MAILROOM SE;;7;NO;SI;FTE sin MTS2
ROS;PICKING AG;;0,3;NO;SI;FTE sin MTS2
ROS;PROGRAMACION DI;;1;NO;SI;FTE sin MTS2
ROS;PROGRAMACION SP;;0,3;NO;SI;FTE sin MTS2
ROS;RECEPCION SP;;0,5;NO;SI;FTE sin MTS2
ROS;RENDICION SP;;0,1;NO;SI;FTE sin MTS2
ROS;TRONCAL TERRESTRE DI;;0,2;NO;SI;FTE sin MTS2
ROS;DISTRIBUCION SP;3000;;SI;NO;MTS2 sin FTE
ROS;AYUDANTE DE FLOTA;;2,9;NO;SI;OK - Sin mts2
ROS;FLOTA PROPIA CAMIONETA;;5;NO;SI;OK - Sin mts2
ROS;FLOTA PROPIA MOTO;;7;NO;SI;OK - Sin mts2
ROS;ADMINISTRACION OP DI;4831,2;8,15;SI;SI;OK - Tiene MTS2 y FTE
ROS;ADMISION DI;7486,77;1;SI;SI;OK - Tiene MTS2 y FTE
ROS;ALMACENAMIENTO AG;2592;0,6;SI;SI;OK - Tiene MTS2 y FTE
ROS;CLASIFICACION DI;62421,76;14,55;SI;SI;OK - Tiene MTS2 y FTE
ROS;DISTRIBUCION DI;119556,32;27,52;SI;SI;OK - Tiene MTS2 y FTE
RSA;GUARDA SP;;1;NO;SI;FTE sin MTS2
RSA;INTERNACIONAL DI;;0,4;NO;SI;FTE sin MTS2
RSA;ADMINISTRACION OP SP;121,97;;SI;NO;MTS2 sin FTE
RSA;ADMISION DI;2945,87;;SI;NO;MTS2 sin FTE
RSA;DISTRIBUCION SP;146,8;;SI;NO;MTS2 sin FTE
RSA;IMPOSICION DI;1795,79;;SI;NO;MTS2 sin FTE
RSA;INGRESOS SP;176,16;;SI;NO;MTS2 sin FTE
RSA;RECEPCION SP;176,16;;SI;NO;MTS2 sin FTE
RSA;RENDICION SP;176,16;;SI;NO;MTS2 sin FTE
RSA;ADMINISTRACION OP DI;558,1;1;SI;SI;OK - Tiene MTS2 y FTE
RSA;CLASIFICACION DI;10072,49;0,8;SI;SI;OK - Tiene MTS2 y FTE
RSA;DISTRIBUCION DI;4396,58;4,91;SI;SI;OK - Tiene MTS2 y FTE
RSA;RENDICION DI;1795,79;0,8;SI;SI;OK - Tiene MTS2 y FTE
RSA;TRONCAL TERRESTRE DI;397,02;0,8;SI;SI;OK - Tiene MTS2 y FTE
RTC;ADMINISTRACION OP SP;147;;SI;NO;MTS2 sin FTE
RTC;CLASIFICACION SP;147;;SI;NO;MTS2 sin FTE
RTC;DISTRIBUCION DI;291;;SI;NO;MTS2 sin FTE
RTC;DISTRIBUCION SP;375;;SI;NO;MTS2 sin FTE
RTC;DISTRIBUIDORES DOMICILIARIOS SDI;111;;SI;NO;MTS2 sin FTE
SDE;ADMINISTRACION OP SP;;0,2;NO;SI;FTE sin MTS2
SDE;IMPOSICION DI;;0,17;NO;SI;FTE sin MTS2
SDE;CLASIFICACION DI;832;;SI;NO;MTS2 sin FTE
SDE;ADMINISTRACION OP DI;720;0,8;SI;SI;OK - Tiene MTS2 y FTE
SDE;ADMISION DI;832;0,17;SI;SI;OK - Tiene MTS2 y FTE
SDE;DISTRIBUCION DI;832;3,17;SI;SI;OK - Tiene MTS2 y FTE
SDE;RENDICION DI;832;0,15;SI;SI;OK - Tiene MTS2 y FTE
SDE;TRONCAL AEREO DI;832;0,17;SI;SI;OK - Tiene MTS2 y FTE
SDE;TRONCAL TERRESTRE DI;832;0,17;SI;SI;OK - Tiene MTS2 y FTE
SFN;FACTURACION Y CTAS A PAGAR;;1;NO;SI;FTE sin MTS2
SFN;PROGRAMACION DI;;0,5;NO;SI;FTE sin MTS2
SFN;ALMACENAMIENTO AG;7476,62;;SI;NO;MTS2 sin FTE
SFN;CLASIFICACION SP;1276,6;;SI;NO;MTS2 sin FTE
SFN;DISTRIBUCION SP;580,07;;SI;NO;MTS2 sin FTE
SFN;INGRESO AG;3714,4;;SI;NO;MTS2 sin FTE
SFN;INGRESOS SP;1276,6;;SI;NO;MTS2 sin FTE
SFN;PICKING AG;2807,55;;SI;NO;MTS2 sin FTE
SFN;RECEPCION SP;191,77;;SI;NO;MTS2 sin FTE
SFN;RENDICION SP;283,93;;SI;NO;MTS2 sin FTE
SFN;TRONCAL TERRESTRE DI;1071,43;;SI;NO;MTS2 sin FTE
SFN;AYUDANTE DE FLOTA;;6;NO;SI;OK - Sin mts2
SFN;FLOTA PROPIA CAMIONETA;;3;NO;SI;OK - Sin mts2
SFN;FLOTA PROPIA MOTO;;3;NO;SI;OK - Sin mts2
SFN;ADMINISTRACION OP AG;960;0,5;SI;SI;OK - Tiene MTS2 y FTE
SFN;ADMINISTRACION OP DI;7023,97;4,9;SI;SI;OK - Tiene MTS2 y FTE
SFN;ADMINISTRACION OP SP;226,63;1,4;SI;SI;OK - Tiene MTS2 y FTE
SFN;ADMISION DI;15936,83;0,5;SI;SI;OK - Tiene MTS2 y FTE
SFN;CLASIFICACION DI;57717,24;9;SI;SI;OK - Tiene MTS2 y FTE
SFN;DISTRIBUCION DI;25366,62;5,59;SI;SI;OK - Tiene MTS2 y FTE
SFN;IMPOSICION DI;6383,32;0,55;SI;SI;OK - Tiene MTS2 y FTE
SFN;RENDICION DI;7147,74;0,25;SI;SI;OK - Tiene MTS2 y FTE
SL3;ALMACENAMIENTO AG;116548,8;;SI;NO;MTS2 sin FTE
SLA;ADMINISTRACION OP SP;;0,6;NO;SI;FTE sin MTS2
SLA;ESTRATEGIA TRANSPORTE;;0,5;NO;SI;FTE sin MTS2
SLA;INPLANT INF Y TECNOLOG;;1;NO;SI;FTE sin MTS2
SLA;INPLANT RECURSOS HUMANOS;;1;NO;SI;FTE sin MTS2
SLA;MAILROOM SE;;2,05;NO;SI;FTE sin MTS2
SLA;SEGURIDAD E HIGIENE;;1;NO;SI;FTE sin MTS2
SLA;ADMISION DI;1164;;SI;NO;MTS2 sin FTE
SLA;COMERCIAL;456;;SI;NO;MTS2 sin FTE
SLA;IMPOSICION DI;2232;;SI;NO;MTS2 sin FTE
SLA;RRHH;720;;SI;NO;MTS2 sin FTE
SLA;SISTEMAS;112,8;;SI;NO;MTS2 sin FTE
SLA;ADMINISTRACION OP AG;2440,8;2;SI;SI;OK - Tiene MTS2 y FTE
SLA;ADMINISTRACION OP AS;3415,2;3,2;SI;SI;OK - Tiene MTS2 y FTE
SLA;ADMINISTRACION OP DI;432;1,35;SI;SI;OK - Tiene MTS2 y FTE
SLA;ALMACENAMIENTO AG;125856;2,54;SI;SI;OK - Tiene MTS2 y FTE
SLA;ALMACENAMIENTO AS;89904;3,6;SI;SI;OK - Tiene MTS2 y FTE
SLA;CALIDAD Y DIR TECNICA;499,2;2;SI;SI;OK - Tiene MTS2 y FTE
SLA;CLASIFICACION DI;10368;0,25;SI;SI;OK - Tiene MTS2 y FTE
SLA;DISTRIBUCION DI;14186,4;6,87;SI;SI;OK - Tiene MTS2 y FTE
SLA;INGRESO AG;1392;1,13;SI;SI;OK - Tiene MTS2 y FTE
SLA;INGRESO AS;2256;5,8;SI;SI;OK - Tiene MTS2 y FTE
SLA;MANTENIMIENTO;1320;3;SI;SI;OK - Tiene MTS2 y FTE
SLA;PICKING AG;768;0,84;SI;SI;OK - Tiene MTS2 y FTE
SLA;PICKING AS;8784;16,6;SI;SI;OK - Tiene MTS2 y FTE
SLT;ADMINISTRACION OP AG;;0,85;NO;SI;FTE sin MTS2
SLT;ADMINISTRACION OP AS;;0,65;NO;SI;FTE sin MTS2
SLT;ADMINISTRACION OP DI;;3,85;NO;SI;FTE sin MTS2
SLT;ADMINISTRACION OP SP;;1,8;NO;SI;FTE sin MTS2
SLT;ADMISION DI;;1,4;NO;SI;FTE sin MTS2
SLT;ARMADO SP;;0,2;NO;SI;FTE sin MTS2
SLT;ASUNTOS INSTITUCIONALES;;2;NO;SI;FTE sin MTS2
SLT;CLASIFICACION DI;;2,25;NO;SI;FTE sin MTS2
SLT;CLASIFICACION SP;;0,5;NO;SI;FTE sin MTS2
SLT;IMPOSICION DI;;2,15;NO;SI;FTE sin MTS2
SLT;INGRESOS SP;;2,1;NO;SI;FTE sin MTS2
SLT;PICKING AS;;0,5;NO;SI;FTE sin MTS2
SLT;PROGRAMACION SP;;0,1;NO;SI;FTE sin MTS2
SLT;RECEPCION SP;;0,75;NO;SI;FTE sin MTS2
SLT;RENDICION DI;;0,55;NO;SI;FTE sin MTS2
SLT;RENDICION SP;;2,4;NO;SI;FTE sin MTS2
SLT;TRONCAL AEREO DI;;0,55;NO;SI;FTE sin MTS2
SLT;TRONCAL TERRESTRE DI;;0,5;NO;SI;FTE sin MTS2
SLT;ALMACENAMIENTO AS;19791,65;;SI;NO;MTS2 sin FTE
SLT;INGRESO AS;1663,55;;SI;NO;MTS2 sin FTE
SLT;FLOTA PROPIA CAMIONETA;;5;NO;SI;OK - Sin mts2
SLT;FLOTA PROPIA MOTO;;11;NO;SI;OK - Sin mts2
SLT;ALMACENAMIENTO AG;46180,51;0,83;SI;SI;OK - Tiene MTS2 y FTE
SLT;DISTRIBUCION DI;5658,72;8;SI;SI;OK - Tiene MTS2 y FTE
SLT;INGRESO AG;3881,62;1,03;SI;SI;OK - Tiene MTS2 y FTE
SLT;PICKING AG;330,54;1,04;SI;SI;OK - Tiene MTS2 y FTE
SLW;ADMINISTRACION OP AG;;0,4;NO;SI;FTE sin MTS2
SLW;ALMACENAMIENTO AS;;0,6;NO;SI;FTE sin MTS2
SLW;ADMINISTRACION OP SP;1467,81;;SI;NO;MTS2 sin FTE
SLW;ALMACENAMIENTO AG;69997,44;;SI;NO;MTS2 sin FTE
SLW;ARMADO SP;295,28;;SI;NO;MTS2 sin FTE
SLW;CLASIFICACION SP;546,24;;SI;NO;MTS2 sin FTE
SLW;DISTRIBUCION DI;130,55;;SI;NO;MTS2 sin FTE
SLW;DISTRIBUCION SP;652,76;;SI;NO;MTS2 sin FTE
SLW;INGRESO AG;2315,93;;SI;NO;MTS2 sin FTE
SLW;INGRESOS SP;1181,14;;SI;NO;MTS2 sin FTE
SLW;PICKING AG;4946,35;;SI;NO;MTS2 sin FTE
SLW;RECEPCION SP;1174,96;;SI;NO;MTS2 sin FTE
SLW;RENDICION SP;2572;;SI;NO;MTS2 sin FTE
TUC;COMERCIALES;;1;NO;SI;FTE sin MTS2
TUC;GUARDA SP;;1;NO;SI;FTE sin MTS2
TUC;MAILROOM SE;;1,1;NO;SI;FTE sin MTS2
TUC;ALMACENAMIENTO AG;3756;;SI;NO;MTS2 sin FTE
TUC;DISTRIBUCION SP;873,6;;SI;NO;MTS2 sin FTE
TUC;INGRESO AG;657,84;;SI;NO;MTS2 sin FTE
TUC;INGRESOS SP;657,84;;SI;NO;MTS2 sin FTE
TUC;PICKING AG;149,76;;SI;NO;MTS2 sin FTE
TUC;RECEPCION SP;118,8;;SI;NO;MTS2 sin FTE
TUC;RENDICION SP;118,8;;SI;NO;MTS2 sin FTE
TUC;TRONCAL AEREO DI;417,84;;SI;NO;MTS2 sin FTE
TUC;FLOTA PROPIA CAMIONETA;;1;NO;SI;OK - Sin mts2
TUC;ADMINISTRACION OP AG;162,72;0,5;SI;SI;OK - Tiene MTS2 y FTE
TUC;ADMINISTRACION OP DI;1961,52;1,7;SI;SI;OK - Tiene MTS2 y FTE
TUC;ADMINISTRACION OP SP;671,76;1,1;SI;SI;OK - Tiene MTS2 y FTE
TUC;ADMISION DI;240;1,1;SI;SI;OK - Tiene MTS2 y FTE
TUC;CLASIFICACION DI;1188;1,15;SI;SI;OK - Tiene MTS2 y FTE
TUC;DISTRIBUCION DI;5552,16;8;SI;SI;OK - Tiene MTS2 y FTE
TUC;IMPOSICION DI;240;1,4;SI;SI;OK - Tiene MTS2 y FTE
TUC;RENDICION DI;2616;1,05;SI;SI;OK - Tiene MTS2 y FTE
TUC;TRONCAL TERRESTRE DI;2679,12;0,9;SI;SI;OK - Tiene MTS2 y FTE
UAQ;ADMINISTRACION OP SP;;0,05;NO;SI;FTE sin MTS2
UAQ;IMPOSICION DI;;0,3;NO;SI;FTE sin MTS2
UAQ;MAILROOM SE;;0,02;NO;SI;FTE sin MTS2
UAQ;RENDICION DI;;0,9;NO;SI;FTE sin MTS2
UAQ;RENDICION SP;;0,1;NO;SI;FTE sin MTS2
UAQ;TRONCAL AEREO DI;;0,2;NO;SI;FTE sin MTS2
UAQ;DISTRIBUCION SP;292;;SI;NO;MTS2 sin FTE
UAQ;FLOTA PROPIA CAMIONETA;;1;NO;SI;OK - Sin mts2
UAQ;ADMINISTRACION OP DI;350,4;0,93;SI;SI;OK - Tiene MTS2 y FTE
UAQ;ADMISION DI;5388;0,5;SI;SI;OK - Tiene MTS2 y FTE
UAQ;CLASIFICACION DI;5064;0,7;SI;SI;OK - Tiene MTS2 y FTE
UAQ;DISTRIBUCION DI;3166,4;2,5;SI;SI;OK - Tiene MTS2 y FTE
UAQ;TRONCAL TERRESTRE DI;6384;0,8;SI;SI;OK - Tiene MTS2 y FTE
USH;ADMINISTRACION OP DI;;0,2;NO;SI;FTE sin MTS2
USH;ADMINISTRACION OP SP;;0,4;NO;SI;FTE sin MTS2
USH;RECEPCION SP;;0,15;NO;SI;FTE sin MTS2
USH;RENDICION SP;;0,15;NO;SI;FTE sin MTS2
USH;TRONCAL AEREO DI;;0,3;NO;SI;FTE sin MTS2
USH;DISTRIBUCION SP;149,16;;SI;NO;MTS2 sin FTE
USH;TRONCAL TERRESTRE DI;253,44;;SI;NO;MTS2 sin FTE
USH;ADMISION DI;777,12;0,2;SI;SI;OK - Tiene MTS2 y FTE
USH;CLASIFICACION DI;1008,43;0,9;SI;SI;OK - Tiene MTS2 y FTE
USH;DISTRIBUCION DI;29,83;0,3;SI;SI;OK - Tiene MTS2 y FTE
USH;IMPOSICION DI;184,42;0,2;SI;SI;OK - Tiene MTS2 y FTE
USH;RENDICION DI;324;0,2;SI;SI;OK - Tiene MTS2 y FTE
VCL;OPERACIONES POSTAL SDI;;0,57;NO;SI;FTE sin MTS2
VCL;ADMINISTRACION OP SP;140;;SI;NO;MTS2 sin FTE
VCL;CLASIFICACION SP;147,84;;SI;NO;MTS2 sin FTE
VCL;DISTRIBUCION DI;108,24;;SI;NO;MTS2 sin FTE
VCL;DISTRIBUCION SP;541,2;;SI;NO;MTS2 sin FTE
VCL;GUARDA SP;646,8;;SI;NO;MTS2 sin FTE
VCL;DISTRIBUIDORES DOMICILIARIOS SDI;108,24;1;SI;SI;OK - Tiene MTS2 y FTE
VCP;OPERACIONES POSTAL SDI;;1;NO;SI;FTE sin MTS2
VCP;ADMINISTRACION OP SP;294;;SI;NO;MTS2 sin FTE
VCP;CLASIFICACION SP;322;;SI;NO;MTS2 sin FTE
VCP;DISTRIBUCION DI;96;;SI;NO;MTS2 sin FTE
VCP;DISTRIBUCION SP;480;;SI;NO;MTS2 sin FTE
VCP;INGRESOS SP;140;;SI;NO;MTS2 sin FTE
VCP;RENDICION SP;140;;SI;NO;MTS2 sin FTE
VCP;DISTRIBUIDORES DOMICILIARIOS SDI;96;6,33;SI;SI;OK - Tiene MTS2 y FTE
VDM;ADMINISTRACION OP DI;;1;NO;SI;FTE sin MTS2
VDM;ADMISION DI;;0,25;NO;SI;FTE sin MTS2
VDM;IMPOSICION DI;;0,15;NO;SI;FTE sin MTS2
VDM;RENDICION DI;;0,1;NO;SI;FTE sin MTS2
VDM;DISTRIBUCION SP;528;;SI;NO;MTS2 sin FTE
VDM;CLASIFICACION DI;1728;0,25;SI;SI;OK - Tiene MTS2 y FTE
VDM;DISTRIBUCION DI;2880;0,25;SI;SI;OK - Tiene MTS2 y FTE
VMA;ADMINISTRACION OP SP;;0,2;NO;SI;FTE sin MTS2
VMA;DISTRIBUIDORES DOMICILIARIOS SDI;;8,2;NO;SI;FTE sin MTS2
VMA;OPERACIONES POSTAL SDI;;2;NO;SI;FTE sin MTS2
VMA;RENDICION SP;;0,02;NO;SI;FTE sin MTS2
VMA;ADMINISTRACION OP DI;1305,48;1,23;SI;SI;OK - Tiene MTS2 y FTE
VMA;ADMISION DI;520,32;0,45;SI;SI;OK - Tiene MTS2 y FTE
VMA;CLASIFICACION DI;4299,36;0,92;SI;SI;OK - Tiene MTS2 y FTE
VMA;DISTRIBUCION DI;5545,82;1,75;SI;SI;OK - Tiene MTS2 y FTE
VMA;IMPOSICION DI;520,32;0,65;SI;SI;OK - Tiene MTS2 y FTE
VMA;RENDICION DI;576;0,15;SI;SI;OK - Tiene MTS2 y FTE
VMA;TRONCAL TERRESTRE DI;2113,39;1,1;SI;SI;OK - Tiene MTS2 y FTE
ZUL;IMPOSICION DI;;0,18;NO;SI;FTE sin MTS2
ZUL;RENDICION DI;;0,25;NO;SI;FTE sin MTS2
ZUL;RENDICION SP;;0,05;NO;SI;FTE sin MTS2
ZUL;DISTRIBUCION SP;960;;SI;NO;MTS2 sin FTE
ZUL;INGRESOS SP;1152;;SI;NO;MTS2 sin FTE
ZUL;ADMINISTRACION OP DI;1008;0,33;SI;SI;OK - Tiene MTS2 y FTE
ZUL;ADMISION DI;2064;0,31;SI;SI;OK - Tiene MTS2 y FTE
ZUL;CLASIFICACION DI;26976;0,46;SI;SI;OK - Tiene MTS2 y FTE
ZUL;DISTRIBUCION DI;12096;5,98;SI;SI;OK - Tiene MTS2 y FTE
